-- phpMyAdmin SQL Dump
-- version 5.0.2
-- https://www.phpmyadmin.net/
--
-- Host: 127.0.0.1:3306
-- Generation Time: Jan 13, 2021 at 06:27 PM
-- Server version: 5.7.31
-- PHP Version: 7.3.21

SET SQL_MODE = "NO_AUTO_VALUE_ON_ZERO";
START TRANSACTION;
SET time_zone = "+00:00";


/*!40101 SET @OLD_CHARACTER_SET_CLIENT=@@CHARACTER_SET_CLIENT */;
/*!40101 SET @OLD_CHARACTER_SET_RESULTS=@@CHARACTER_SET_RESULTS */;
/*!40101 SET @OLD_COLLATION_CONNECTION=@@COLLATION_CONNECTION */;
/*!40101 SET NAMES utf8mb4 */;

--
-- Database: `laravel_madical_uk`
--

-- --------------------------------------------------------

--
-- Table structure for table `activities`
--

DROP TABLE IF EXISTS `activities`;
CREATE TABLE IF NOT EXISTS `activities` (
  `id` int(11) NOT NULL AUTO_INCREMENT,
  `title` varchar(255) DEFAULT NULL,
  `Discription` varchar(10000) DEFAULT NULL,
  `short_description` varchar(255) CHARACTER SET utf8 DEFAULT NULL,
  `slug` varchar(255) DEFAULT NULL,
  `activities_image` varchar(255) DEFAULT NULL,
  `date` varchar(15) DEFAULT NULL,
  `month` varchar(15) DEFAULT NULL,
  `year` varchar(15) DEFAULT NULL,
  `datetime` timestamp(6) NULL DEFAULT CURRENT_TIMESTAMP(6),
  PRIMARY KEY (`id`)
) ENGINE=MyISAM AUTO_INCREMENT=16 DEFAULT CHARSET=latin1;

--
-- Dumping data for table `activities`
--

INSERT INTO `activities` (`id`, `title`, `Discription`, `short_description`, `slug`, `activities_image`, `date`, `month`, `year`, `datetime`) VALUES
(9, 'Health and Wellbeing', '<h2><strong>Section 1.10.32 of \"de Finibus Bonorum et Malorum\", written by Cicero in 45 BC</strong></h2> <p style=\"margin: 0px 0px 15px; padding: 0px; font-family: \'Open Sans\', Arial, sans-serif; text-align: justify;\">Sed ut perspiciatis unde omnis iste natus error sit voluptatem accusantium doloremque laudantium, totam rem aperiam, eaque ipsa quae ab illo inventore veritatis et quasi architecto beatae vitae dicta sunt explicabo. Nemo enim ipsam voluptatem quia voluptas sit aspernatur aut odit aut fugit, sed quia consequuntur magni dolores eos qui ratione voluptatem sequi nesciunt. Neque porro quisquam est, qui dolorem ipsum quia dolor sit amet, consectetur, adipisci velit, sed quia non numquam eius modi tempora incidunt ut labore et dolore magnam aliquam quaerat voluptatem. Ut enim ad minima veniam, quis nostrum exercitationem ullam corporis suscipit laboriosam, nisi ut aliquid ex ea commodi consequatur? Quis autem vel eum iure reprehenderit qui in ea voluptate velit esse quam nihil molestiae consequatur, vel illum qui dolorem eum fugiat quo voluptas nulla pariatur?</p> <h3 style=\"margin: 15px 0px; padding: 0px; font-size: 14px; font-family: \'Open Sans\', Arial, sans-serif;\">1. 1914 translation by H. Rackham</h3> <p style=\"margin: 0px 0px 15px; padding: 0px; text-align: justify; font-family: \'Open Sans\', Arial, sans-serif;\">On the other hand, we denounce with righteous indignation and dislike men who are so beguiled and demoralized by the charms of pleasure of the moment, so blinded by desire, that they cannot foresee the pain and trouble that are bound to ensue; and equal blame belongs to those who fail in their duty through weakness of will, which is the same as saying through shrinking from toil and pain. These cases are perfectly simple and easy to distinguish. In a free hour, when our power of choice is untrammeled and when nothing prevents our being able to do what we like best, every pleasure is to be welcomed and every pain avoided. But in certain circumstances and owing to the claims of duty or the obligations of business it will frequently occur that pleasures have to be repudiated and annoyances accepted. The wise man therefore always holds in these matters to this principle of selection: he rejects pleasures to secure other greater pleasures, or else he endures pains to avoid worse pains.</p> <p style=\"margin: 0px 0px 15px; padding: 0px; text-align: justify; font-family: \'Open Sans\', Arial, sans-serif;\">&nbsp;</p> <h3 style=\"margin: 15px 0px; padding: 0px; font-size: 14px; font-family: \'Open Sans\', Arial, sans-serif;\">2. Section 1.10.33 of \"de Finibus Bonorum et Malorum\", written by Cicero in 45 BC</h3> <p style=\"margin: 0px 0px 15px; padding: 0px; text-align: justify; font-family: \'Open Sans\', Arial, sans-serif;\">At vero eos et accusamus et iusto odio dignissimos ducimus qui blanditiis praesentium voluptatum deleniti atque corrupti quos dolores et quas molestias excepturi sint occaecati cupiditate non provident, similique sunt in culpa qui officia deserunt mollitia animi, id est laborum et dolorum fuga. Et harum quidem rerum facilis est et expedita distinctio. Nam libero tempore, cum soluta nobis est eligendi optio cumque nihil impedit quo minus id quod maxime placeat facere possimus, omnis voluptas assumenda est, omnis dolor repellendus. Temporibus autem quibusdam et aut officiis debitis aut rerum necessitatibus saepe eveniet ut et voluptates repudiandae sint et molestiae non recusandae. Itaque earum rerum hic tenetur a sapiente delectus, ut aut reiciendis voluptatibus maiores alias consequatur aut perferendis doloribus asperiores repellat.</p>', 'Lorem ipsum dolor sit amet, consectetur adipiscing elit, sed do eiusmod tempor incididunt ut labore et dolore magna aliqua.', 'health-and-wellbeing', 'public/zP0ewhWYq5Va3iWJFcXCINTOooUFXiLowodTx1iN.jpg', '12', 'Jan', '2021', '2021-01-08 22:54:03.581756'),
(10, 'Advice and Guidelines', '<h2><strong>Section 1.10.32 of \"de Finibus Bonorum et Malorum\", written by Cicero in 45 BC</strong></h2> <p style=\"margin: 0px 0px 15px; padding: 0px; font-family: \'Open Sans\', Arial, sans-serif; text-align: justify;\">Sed ut perspiciatis unde omnis iste natus error sit voluptatem accusantium doloremque laudantium, totam rem aperiam, eaque ipsa quae ab illo inventore veritatis et quasi architecto beatae vitae dicta sunt explicabo. Nemo enim ipsam voluptatem quia voluptas sit aspernatur aut odit aut fugit, sed quia consequuntur magni dolores eos qui ratione voluptatem sequi nesciunt. Neque porro quisquam est, qui dolorem ipsum quia dolor sit amet, consectetur, adipisci velit, sed quia non numquam eius modi tempora incidunt ut labore et dolore magnam aliquam quaerat voluptatem. Ut enim ad minima veniam, quis nostrum exercitationem ullam corporis suscipit laboriosam, nisi ut aliquid ex ea commodi consequatur? Quis autem vel eum iure reprehenderit qui in ea voluptate velit esse quam nihil molestiae consequatur, vel illum qui dolorem eum fugiat quo voluptas nulla pariatur?</p> <h3 style=\"margin: 15px 0px; padding: 0px; font-size: 14px; font-family: \'Open Sans\', Arial, sans-serif;\">1. 1914 translation by H. Rackham</h3> <p style=\"margin: 0px 0px 15px; padding: 0px; text-align: justify; font-family: \'Open Sans\', Arial, sans-serif;\">On the other hand, we denounce with righteous indignation and dislike men who are so beguiled and demoralized by the charms of pleasure of the moment, so blinded by desire, that they cannot foresee the pain and trouble that are bound to ensue; and equal blame belongs to those who fail in their duty through weakness of will, which is the same as saying through shrinking from toil and pain. These cases are perfectly simple and easy to distinguish. In a free hour, when our power of choice is untrammeled and when nothing prevents our being able to do what we like best, every pleasure is to be welcomed and every pain avoided. But in certain circumstances and owing to the claims of duty or the obligations of business it will frequently occur that pleasures have to be repudiated and annoyances accepted. The wise man therefore always holds in these matters to this principle of selection: he rejects pleasures to secure other greater pleasures, or else he endures pains to avoid worse pains.</p> <p style=\"margin: 0px 0px 15px; padding: 0px; text-align: justify; font-family: \'Open Sans\', Arial, sans-serif;\">&nbsp;</p> <h3 style=\"margin: 15px 0px; padding: 0px; font-size: 14px; font-family: \'Open Sans\', Arial, sans-serif;\">2. Section 1.10.33 of \"de Finibus Bonorum et Malorum\", written by Cicero in 45 BC</h3> <p style=\"margin: 0px 0px 15px; padding: 0px; text-align: justify; font-family: \'Open Sans\', Arial, sans-serif;\">At vero eos et accusamus et iusto odio dignissimos ducimus qui blanditiis praesentium voluptatum deleniti atque corrupti quos dolores et quas molestias excepturi sint occaecati cupiditate non provident, similique sunt in culpa qui officia deserunt mollitia animi, id est laborum et dolorum fuga. Et harum quidem rerum facilis est et expedita distinctio. Nam libero tempore, cum soluta nobis est eligendi optio cumque nihil impedit quo minus id quod maxime placeat facere possimus, omnis voluptas assumenda est, omnis dolor repellendus. Temporibus autem quibusdam et aut officiis debitis aut rerum necessitatibus saepe eveniet ut et voluptates repudiandae sint et molestiae non recusandae. Itaque earum rerum hic tenetur a sapiente delectus, ut aut reiciendis voluptatibus maiores alias consequatur aut perferendis doloribus asperiores repellat.</p>', 'Lorem ipsum dolor sit amet, consectetur adipiscing elit, sed do eiusmod tempor incididunt ut labore et dolore magna aliqua.', 'advice-and-guidelines', 'public/edTUZrZKiHJJ8QJmyAI90oksFNf3ixk6Mo9FIBYR.jpg', '12', 'Jan', '2021', '2021-01-08 22:54:23.775243'),
(12, 'Community Services', '<h2><strong>Section 1.10.32 of \"de Finibus Bonorum et Malorum\", written by Cicero in 45 BC</strong></h2> <p style=\"margin: 0px 0px 15px; padding: 0px; font-family: \'Open Sans\', Arial, sans-serif; text-align: justify;\">Sed ut perspiciatis unde omnis iste natus error sit voluptatem accusantium doloremque laudantium, totam rem aperiam, eaque ipsa quae ab illo inventore veritatis et quasi architecto beatae vitae dicta sunt explicabo. Nemo enim ipsam voluptatem quia voluptas sit aspernatur aut odit aut fugit, sed quia consequuntur magni dolores eos qui ratione voluptatem sequi nesciunt. Neque porro quisquam est, qui dolorem ipsum quia dolor sit amet, consectetur, adipisci velit, sed quia non numquam eius modi tempora incidunt ut labore et dolore magnam aliquam quaerat voluptatem. Ut enim ad minima veniam, quis nostrum exercitationem ullam corporis suscipit laboriosam, nisi ut aliquid ex ea commodi consequatur? Quis autem vel eum iure reprehenderit qui in ea voluptate velit esse quam nihil molestiae consequatur, vel illum qui dolorem eum fugiat quo voluptas nulla pariatur?</p> <h3 style=\"margin: 15px 0px; padding: 0px; font-size: 14px; font-family: \'Open Sans\', Arial, sans-serif;\">1. 1914 translation by H. Rackham</h3> <p style=\"margin: 0px 0px 15px; padding: 0px; text-align: justify; font-family: \'Open Sans\', Arial, sans-serif;\">On the other hand, we denounce with righteous indignation and dislike men who are so beguiled and demoralized by the charms of pleasure of the moment, so blinded by desire, that they cannot foresee the pain and trouble that are bound to ensue; and equal blame belongs to those who fail in their duty through weakness of will, which is the same as saying through shrinking from toil and pain. These cases are perfectly simple and easy to distinguish. In a free hour, when our power of choice is untrammeled and when nothing prevents our being able to do what we like best, every pleasure is to be welcomed and every pain avoided. But in certain circumstances and owing to the claims of duty or the obligations of business it will frequently occur that pleasures have to be repudiated and annoyances accepted. The wise man therefore always holds in these matters to this principle of selection: he rejects pleasures to secure other greater pleasures, or else he endures pains to avoid worse pains.</p> <p style=\"margin: 0px 0px 15px; padding: 0px; text-align: justify; font-family: \'Open Sans\', Arial, sans-serif;\">&nbsp;</p> <h3 style=\"margin: 15px 0px; padding: 0px; font-size: 14px; font-family: \'Open Sans\', Arial, sans-serif;\">2. Section 1.10.33 of \"de Finibus Bonorum et Malorum\", written by Cicero in 45 BC</h3> <p style=\"margin: 0px 0px 15px; padding: 0px; text-align: justify; font-family: \'Open Sans\', Arial, sans-serif;\">At vero eos et accusamus et iusto odio dignissimos ducimus qui blanditiis praesentium voluptatum deleniti atque corrupti quos dolores et quas molestias excepturi sint occaecati cupiditate non provident, similique sunt in culpa qui officia deserunt mollitia animi, id est laborum et dolorum fuga. Et harum quidem rerum facilis est et expedita distinctio. Nam libero tempore, cum soluta nobis est eligendi optio cumque nihil impedit quo minus id quod maxime placeat facere possimus, omnis voluptas assumenda est, omnis dolor repellendus. Temporibus autem quibusdam et aut officiis debitis aut rerum necessitatibus saepe eveniet ut et voluptates repudiandae sint et molestiae non recusandae. Itaque earum rerum hic tenetur a sapiente delectus, ut aut reiciendis voluptatibus maiores alias consequatur aut perferendis doloribus asperiores repellat.</p>', 'Lorem ipsum dolor sit amet, consectetur adipiscing elit, sed do eiusmod tempor incididunt ut labore et dolore magna aliqua.', 'community-services', 'public/Dk04qnm4ZfMgtHfhLoAEIzULl9cBbKbmf1kXfAha.png', '12', 'Jan', '2021', '2021-01-08 22:54:40.919236'),
(11, 'Auth Services', '<h2><strong>Section 1.10.32 of \"de Finibus Bonorum et Malorum\", written by Cicero in 45 BC</strong></h2> <p style=\"margin: 0px 0px 15px; padding: 0px; font-family: \'Open Sans\', Arial, sans-serif; text-align: justify;\">Sed ut perspiciatis unde omnis iste natus error sit voluptatem accusantium doloremque laudantium, totam rem aperiam, eaque ipsa quae ab illo inventore veritatis et quasi architecto beatae vitae dicta sunt explicabo. Nemo enim ipsam voluptatem quia voluptas sit aspernatur aut odit aut fugit, sed quia consequuntur magni dolores eos qui ratione voluptatem sequi nesciunt. Neque porro quisquam est, qui dolorem ipsum quia dolor sit amet, consectetur, adipisci velit, sed quia non numquam eius modi tempora incidunt ut labore et dolore magnam aliquam quaerat voluptatem. Ut enim ad minima veniam, quis nostrum exercitationem ullam corporis suscipit laboriosam, nisi ut aliquid ex ea commodi consequatur? Quis autem vel eum iure reprehenderit qui in ea voluptate velit esse quam nihil molestiae consequatur, vel illum qui dolorem eum fugiat quo voluptas nulla pariatur?</p> <h3 style=\"margin: 15px 0px; padding: 0px; font-size: 14px; font-family: \'Open Sans\', Arial, sans-serif;\">1. 1914 translation by H. Rackham</h3> <p style=\"margin: 0px 0px 15px; padding: 0px; text-align: justify; font-family: \'Open Sans\', Arial, sans-serif;\">On the other hand, we denounce with righteous indignation and dislike men who are so beguiled and demoralized by the charms of pleasure of the moment, so blinded by desire, that they cannot foresee the pain and trouble that are bound to ensue; and equal blame belongs to those who fail in their duty through weakness of will, which is the same as saying through shrinking from toil and pain. These cases are perfectly simple and easy to distinguish. In a free hour, when our power of choice is untrammeled and when nothing prevents our being able to do what we like best, every pleasure is to be welcomed and every pain avoided. But in certain circumstances and owing to the claims of duty or the obligations of business it will frequently occur that pleasures have to be repudiated and annoyances accepted. The wise man therefore always holds in these matters to this principle of selection: he rejects pleasures to secure other greater pleasures, or else he endures pains to avoid worse pains.</p> <p style=\"margin: 0px 0px 15px; padding: 0px; text-align: justify; font-family: \'Open Sans\', Arial, sans-serif;\">&nbsp;</p> <h3 style=\"margin: 15px 0px; padding: 0px; font-size: 14px; font-family: \'Open Sans\', Arial, sans-serif;\">2. Section 1.10.33 of \"de Finibus Bonorum et Malorum\", written by Cicero in 45 BC</h3> <p style=\"margin: 0px 0px 15px; padding: 0px; text-align: justify; font-family: \'Open Sans\', Arial, sans-serif;\">At vero eos et accusamus et iusto odio dignissimos ducimus qui blanditiis praesentium voluptatum deleniti atque corrupti quos dolores et quas molestias excepturi sint occaecati cupiditate non provident, similique sunt in culpa qui officia deserunt mollitia animi, id est laborum et dolorum fuga. Et harum quidem rerum facilis est et expedita distinctio. Nam libero tempore, cum soluta nobis est eligendi optio cumque nihil impedit quo minus id quod maxime placeat facere possimus, omnis voluptas assumenda est, omnis dolor repellendus. Temporibus autem quibusdam et aut officiis debitis aut rerum necessitatibus saepe eveniet ut et voluptates repudiandae sint et molestiae non recusandae. Itaque earum rerum hic tenetur a sapiente delectus, ut aut reiciendis voluptatibus maiores alias consequatur aut perferendis doloribus asperiores repellat.</p>', 'Lorem ipsum dolor sit amet, consectetur adipiscing elit, sed do eiusmod tempor incididunt ut labore et dolore magna aliqua.', 'auth-services', 'public/GEoE1fFwdgA32EsboG9ZZ1sIZBaMgzaZJUoA6e1m.jpg', '12', 'Jan', '2021', '2021-01-08 22:54:33.311769'),
(13, 'Older People', '<h2><strong>Section 1.10.32 of \"de Finibus Bonorum et Malorum\", written by Cicero in 45 BC</strong></h2> <p style=\"margin: 0px 0px 15px; padding: 0px; font-family: \'Open Sans\', Arial, sans-serif; text-align: justify;\">Sed ut perspiciatis unde omnis iste natus error sit voluptatem accusantium doloremque laudantium, totam rem aperiam, eaque ipsa quae ab illo inventore veritatis et quasi architecto beatae vitae dicta sunt explicabo. Nemo enim ipsam voluptatem quia voluptas sit aspernatur aut odit aut fugit, sed quia consequuntur magni dolores eos qui ratione voluptatem sequi nesciunt. Neque porro quisquam est, qui dolorem ipsum quia dolor sit amet, consectetur, adipisci velit, sed quia non numquam eius modi tempora incidunt ut labore et dolore magnam aliquam quaerat voluptatem. Ut enim ad minima veniam, quis nostrum exercitationem ullam corporis suscipit laboriosam, nisi ut aliquid ex ea commodi consequatur? Quis autem vel eum iure reprehenderit qui in ea voluptate velit esse quam nihil molestiae consequatur, vel illum qui dolorem eum fugiat quo voluptas nulla pariatur?</p> <h3 style=\"margin: 15px 0px; padding: 0px; font-size: 14px; font-family: \'Open Sans\', Arial, sans-serif;\">1. 1914 translation by H. Rackham</h3> <p style=\"margin: 0px 0px 15px; padding: 0px; text-align: justify; font-family: \'Open Sans\', Arial, sans-serif;\">On the other hand, we denounce with righteous indignation and dislike men who are so beguiled and demoralized by the charms of pleasure of the moment, so blinded by desire, that they cannot foresee the pain and trouble that are bound to ensue; and equal blame belongs to those who fail in their duty through weakness of will, which is the same as saying through shrinking from toil and pain. These cases are perfectly simple and easy to distinguish. In a free hour, when our power of choice is untrammeled and when nothing prevents our being able to do what we like best, every pleasure is to be welcomed and every pain avoided. But in certain circumstances and owing to the claims of duty or the obligations of business it will frequently occur that pleasures have to be repudiated and annoyances accepted. The wise man therefore always holds in these matters to this principle of selection: he rejects pleasures to secure other greater pleasures, or else he endures pains to avoid worse pains.</p> <p style=\"margin: 0px 0px 15px; padding: 0px; text-align: justify; font-family: \'Open Sans\', Arial, sans-serif;\">&nbsp;</p> <h3 style=\"margin: 15px 0px; padding: 0px; font-size: 14px; font-family: \'Open Sans\', Arial, sans-serif;\">2. Section 1.10.33 of \"de Finibus Bonorum et Malorum\", written by Cicero in 45 BC</h3> <p style=\"margin: 0px 0px 15px; padding: 0px; text-align: justify; font-family: \'Open Sans\', Arial, sans-serif;\">At vero eos et accusamus et iusto odio dignissimos ducimus qui blanditiis praesentium voluptatum deleniti atque corrupti quos dolores et quas molestias excepturi sint occaecati cupiditate non provident, similique sunt in culpa qui officia deserunt mollitia animi, id est laborum et dolorum fuga. Et harum quidem rerum facilis est et expedita distinctio. Nam libero tempore, cum soluta nobis est eligendi optio cumque nihil impedit quo minus id quod maxime placeat facere possimus, omnis voluptas assumenda est, omnis dolor repellendus. Temporibus autem quibusdam et aut officiis debitis aut rerum necessitatibus saepe eveniet ut et voluptates repudiandae sint et molestiae non recusandae. Itaque earum rerum hic tenetur a sapiente delectus, ut aut reiciendis voluptatibus maiores alias consequatur aut perferendis doloribus asperiores repellat.</p>', 'Lorem ipsum dolor sit amet, consectetur adipiscing elit, sed do eiusmod tempor incididunt ut labore et dolore magna aliqua.', 'older-people', 'public/6mtrXs2zuSdBuIfEZ1pQkXrOU7yhwmydiHT8tEEI.jpg', '12', 'Jan', '2021', '2021-01-08 22:54:52.031322'),
(14, 'Sports', '<h2><strong>Section 1.10.32 of \"de Finibus Bonorum et Malorum\", written by Cicero in 45 BC</strong></h2> <p style=\"margin: 0px 0px 15px; padding: 0px; font-family: \'Open Sans\', Arial, sans-serif; text-align: justify;\">Sed ut perspiciatis unde omnis iste natus error sit voluptatem accusantium doloremque laudantium, totam rem aperiam, eaque ipsa quae ab illo inventore veritatis et quasi architecto beatae vitae dicta sunt explicabo. Nemo enim ipsam voluptatem quia voluptas sit aspernatur aut odit aut fugit, sed quia consequuntur magni dolores eos qui ratione voluptatem sequi nesciunt. Neque porro quisquam est, qui dolorem ipsum quia dolor sit amet, consectetur, adipisci velit, sed quia non numquam eius modi tempora incidunt ut labore et dolore magnam aliquam quaerat voluptatem. Ut enim ad minima veniam, quis nostrum exercitationem ullam corporis suscipit laboriosam, nisi ut aliquid ex ea commodi consequatur? Quis autem vel eum iure reprehenderit qui in ea voluptate velit esse quam nihil molestiae consequatur, vel illum qui dolorem eum fugiat quo voluptas nulla pariatur?</p> <h3 style=\"margin: 15px 0px; padding: 0px; font-size: 14px; font-family: \'Open Sans\', Arial, sans-serif;\">1. 1914 translation by H. Rackham</h3> <p style=\"margin: 0px 0px 15px; padding: 0px; text-align: justify; font-family: \'Open Sans\', Arial, sans-serif;\">On the other hand, we denounce with righteous indignation and dislike men who are so beguiled and demoralized by the charms of pleasure of the moment, so blinded by desire, that they cannot foresee the pain and trouble that are bound to ensue; and equal blame belongs to those who fail in their duty through weakness of will, which is the same as saying through shrinking from toil and pain. These cases are perfectly simple and easy to distinguish. In a free hour, when our power of choice is untrammeled and when nothing prevents our being able to do what we like best, every pleasure is to be welcomed and every pain avoided. But in certain circumstances and owing to the claims of duty or the obligations of business it will frequently occur that pleasures have to be repudiated and annoyances accepted. The wise man therefore always holds in these matters to this principle of selection: he rejects pleasures to secure other greater pleasures, or else he endures pains to avoid worse pains.</p> <p style=\"margin: 0px 0px 15px; padding: 0px; text-align: justify; font-family: \'Open Sans\', Arial, sans-serif;\">&nbsp;</p> <h3 style=\"margin: 15px 0px; padding: 0px; font-size: 14px; font-family: \'Open Sans\', Arial, sans-serif;\">2. Section 1.10.33 of \"de Finibus Bonorum et Malorum\", written by Cicero in 45 BC</h3> <p style=\"margin: 0px 0px 15px; padding: 0px; text-align: justify; font-family: \'Open Sans\', Arial, sans-serif;\">At vero eos et accusamus et iusto odio dignissimos ducimus qui blanditiis praesentium voluptatum deleniti atque corrupti quos dolores et quas molestias excepturi sint occaecati cupiditate non provident, similique sunt in culpa qui officia deserunt mollitia animi, id est laborum et dolorum fuga. Et harum quidem rerum facilis est et expedita distinctio. Nam libero tempore, cum soluta nobis est eligendi optio cumque nihil impedit quo minus id quod maxime placeat facere possimus, omnis voluptas assumenda est, omnis dolor repellendus. Temporibus autem quibusdam et aut officiis debitis aut rerum necessitatibus saepe eveniet ut et voluptates repudiandae sint et molestiae non recusandae. Itaque earum rerum hic tenetur a sapiente delectus, ut aut reiciendis voluptatibus maiores alias consequatur aut perferendis doloribus asperiores repellat.</p>', 'Lorem ipsum dolor sit amet, consectetur adipiscing elit, sed do eiusmod tempor incididunt ut labore et dolore magna aliqua.', 'sports', 'public/2b6xtF4CsnFJ7OIedJPxSEytwJ7CHS7zDbz1LWE3.jpg', '12', 'Jan', '2021', '2021-01-08 22:58:24.141019'),
(15, 'Health and Wellbeing', '<h2><strong>Section 1.10.32 of \"de Finibus Bonorum et Malorum\", written by Cicero in 45 BC</strong></h2> <p style=\"margin: 0px 0px 15px; padding: 0px; font-family: \'Open Sans\', Arial, sans-serif; text-align: justify;\">Sed ut perspiciatis unde omnis iste natus error sit voluptatem accusantium doloremque laudantium, totam rem aperiam, eaque ipsa quae ab illo inventore veritatis et quasi architecto beatae vitae dicta sunt explicabo. Nemo enim ipsam voluptatem quia voluptas sit aspernatur aut odit aut fugit, sed quia consequuntur magni dolores eos qui ratione voluptatem sequi nesciunt. Neque porro quisquam est, qui dolorem ipsum quia dolor sit amet, consectetur, adipisci velit, sed quia non numquam eius modi tempora incidunt ut labore et dolore magnam aliquam quaerat voluptatem. Ut enim ad minima veniam, quis nostrum exercitationem ullam corporis suscipit laboriosam, nisi ut aliquid ex ea commodi consequatur? Quis autem vel eum iure reprehenderit qui in ea voluptate velit esse quam nihil molestiae consequatur, vel illum qui dolorem eum fugiat quo voluptas nulla pariatur?</p> <h3 style=\"margin: 15px 0px; padding: 0px; font-size: 14px; font-family: \'Open Sans\', Arial, sans-serif;\">1. 1914 translation by H. Rackham</h3> <p style=\"margin: 0px 0px 15px; padding: 0px; text-align: justify; font-family: \'Open Sans\', Arial, sans-serif;\">On the other hand, we denounce with righteous indignation and dislike men who are so beguiled and demoralized by the charms of pleasure of the moment, so blinded by desire, that they cannot foresee the pain and trouble that are bound to ensue; and equal blame belongs to those who fail in their duty through weakness of will, which is the same as saying through shrinking from toil and pain. These cases are perfectly simple and easy to distinguish. In a free hour, when our power of choice is untrammeled and when nothing prevents our being able to do what we like best, every pleasure is to be welcomed and every pain avoided. But in certain circumstances and owing to the claims of duty or the obligations of business it will frequently occur that pleasures have to be repudiated and annoyances accepted. The wise man therefore always holds in these matters to this principle of selection: he rejects pleasures to secure other greater pleasures, or else he endures pains to avoid worse pains.</p> <p style=\"margin: 0px 0px 15px; padding: 0px; text-align: justify; font-family: \'Open Sans\', Arial, sans-serif;\">&nbsp;</p> <h3 style=\"margin: 15px 0px; padding: 0px; font-size: 14px; font-family: \'Open Sans\', Arial, sans-serif;\">2. Section 1.10.33 of \"de Finibus Bonorum et Malorum\", written by Cicero in 45 BC</h3> <p style=\"margin: 0px 0px 15px; padding: 0px; text-align: justify; font-family: \'Open Sans\', Arial, sans-serif;\">At vero eos et accusamus et iusto odio dignissimos ducimus qui blanditiis praesentium voluptatum deleniti atque corrupti quos dolores et quas molestias excepturi sint occaecati cupiditate non provident, similique sunt in culpa qui officia deserunt mollitia animi, id est laborum et dolorum fuga. Et harum quidem rerum facilis est et expedita distinctio. Nam libero tempore, cum soluta nobis est eligendi optio cumque nihil impedit quo minus id quod maxime placeat facere possimus, omnis voluptas assumenda est, omnis dolor repellendus. Temporibus autem quibusdam et aut officiis debitis aut rerum necessitatibus saepe eveniet ut et voluptates repudiandae sint et molestiae non recusandae. Itaque earum rerum hic tenetur a sapiente delectus, ut aut reiciendis voluptatibus maiores alias consequatur aut perferendis doloribus asperiores repellat.</p>', 'Lorem ipsum dolor sit amet, consectetur adipiscing elit, sed do eiusmod tempor incididunt ut labore et dolore magna aliqua.', 'health-and-wellbeing', 'public/gie08JPGYGSlnjomeCFdjxrGEEWtnbWscHGqAq4Y.jpg', '12', 'Jan', '2021', '2021-01-08 22:58:32.467459');

-- --------------------------------------------------------

--
-- Table structure for table `activities_slider`
--

DROP TABLE IF EXISTS `activities_slider`;
CREATE TABLE IF NOT EXISTS `activities_slider` (
  `id` int(11) NOT NULL AUTO_INCREMENT,
  `activities_id` int(11) DEFAULT NULL,
  `titel` varchar(255) DEFAULT NULL,
  `image` varchar(255) DEFAULT NULL,
  `creat_time` timestamp NULL DEFAULT CURRENT_TIMESTAMP,
  PRIMARY KEY (`id`)
) ENGINE=MyISAM AUTO_INCREMENT=29 DEFAULT CHARSET=latin1;

--
-- Dumping data for table `activities_slider`
--

INSERT INTO `activities_slider` (`id`, `activities_id`, `titel`, `image`, `creat_time`) VALUES
(4, 6, 'fasdfsdfsdf', 'public/dWHX3K8Hvt1RU1z5ao6wgMSFunRa7ysx3IdKjGpf.jpg', '2021-01-07 20:33:33'),
(5, 6, 'dfsadfsdfsadf', 'public/KogfcUNaQcByx0glHwY4OgTZcM1jBfnqdSQUQlM0.jpg', '2021-01-08 19:17:53'),
(6, 6, 'fasdfsdfsdf', 'public/rRgIC7WT7KAg82WVWf2uXL9ilLofN85C5CB2SkER.jpg', '2021-01-08 19:18:07'),
(7, 9, 'H. Rackham', 'public/R1E63TK3s2zPffm1T6rEwdp58vhIhncHzSKo9bcc.jpg', '2021-01-08 23:05:31'),
(8, 9, 'H. Rackham', 'public/uW5zBWBP2LNrDq49eNxcyF1nlgDiBtaWAqmjBBAd.jpg', '2021-01-08 23:05:41'),
(9, 10, 'H. Rackham 2', 'public/onL3QezGumDT5zWDjiU1BnbpcAeT8eZhSU25cwCn.jpg', '2021-01-08 23:05:52'),
(10, 10, 'H. Rackham 2', 'public/13IVFmOAwR21yx9RbvSnafU3uum0M1b3QEDKsVtk.jpg', '2021-01-08 23:05:59'),
(11, 12, 'H. Rackham 3', 'public/XMS61fKxA3OmmMH2KG6fNu6hoTLn7ibBtrwJhnhK.jpg', '2021-01-08 23:06:10'),
(12, 11, 'H. Rackham 3', 'public/OAjd8nF4RQ2t9xkBw0X2NrG2NRCrpNImSEkxuJXN.jpg', '2021-01-08 23:06:23'),
(13, 13, 'H. Rackham 4', 'public/ZxrVSL4Ei6q7YyMarmr4oSr3zo567uZl11o2CfR6.jpg', '2021-01-08 23:06:36'),
(14, 13, 'H. Rackham 4', 'public/hmrLVLhfIz07HTLUoKBqAOPW65HL0fv98r1Mqr65.jpg', '2021-01-08 23:06:43'),
(15, 14, 'H. Rackham 5', 'public/Mz5bwiVWwZc0lorKoyMfDkEn3ztuiNFamLY8WnVe.jpg', '2021-01-08 23:06:50'),
(16, 15, 'H. Rackham 5', 'public/Q7QKI48FfOEbutgchcbQjvym3IhVWFsyonQ2UBJ8.jpg', '2021-01-08 23:06:58'),
(17, 9, 'H. Rackham', 'public/lUesh0Q7nIYyc2kZ7WEyEm4jnsD96FCYDt5WQkpY.jpg', '2021-01-08 23:30:54'),
(18, 10, 'H. Rackham 2', 'public/gIJOhbQYwXrCJxQbIYw1hVwzDTFFHbnyqp3uIPmv.jpg', '2021-01-08 23:31:05'),
(19, 14, 'H. Rackham 3', 'public/M8gPzixSDlbDlreK5CWBZVvoQzPEADweSBD7rJzK.jpg', '2021-01-08 23:31:20'),
(20, 13, 'H. Rackham 4', 'public/tRTGtyYpvIz9QQnk9eOPVQCYbyXO7xQfUU34rCH5.jpg', '2021-01-08 23:31:28'),
(21, 13, 'H. Rackham 4', 'public/SAhISoETL8Bhzp9M2PWbRZMXJELzOjrDBBYlH5OP.jpg', '2021-01-08 23:31:36'),
(22, 9, 'H. Rackham', 'public/jA0ncOjE3iBlI1AGb1ZANTZqYDGcrbZkLyEnrdh0.jpg', '2021-01-08 23:31:45'),
(23, 10, 'H. Rackham 4', 'public/BlQwXmw54sT29aTcdcz8aXzc5gHS10uEj5jS2AD0.jpg', '2021-01-08 23:33:30'),
(24, 12, 'H. Rackham', 'public/xYl98IxPCRTEp5NN0kopXa3ix2pq0HvlvWzaMLp6.jpg', '2021-01-08 23:33:36'),
(25, 9, 'H. Rackham 4', 'public/b0haCfjhSciCZJxr17LnR2MHrj9izNNAq2NLpfm5.jpg', '2021-01-08 23:33:43'),
(26, 13, 'H. Rackham', 'public/OISfQ5CH8G0zL8o9VyRKtJY34CgNok07zjrcDbBA.jpg', '2021-01-08 23:33:49'),
(27, 9, 'H. Rackham 4', 'public/5d4ZKNkav9zMeE5NANSaIlFVF96BDrlO3iQhXtXP.jpg', '2021-01-08 23:34:18'),
(28, 9, 'H. Rackham 3', 'public/6bjt9rUuugso9O90htr9zodybp8PL9GJxDysYvSI.jpg', '2021-01-08 23:34:33');

-- --------------------------------------------------------

--
-- Table structure for table `admin`
--

DROP TABLE IF EXISTS `admin`;
CREATE TABLE IF NOT EXISTS `admin` (
  `id` int(11) NOT NULL AUTO_INCREMENT,
  `Full_name` varchar(255) DEFAULT NULL,
  `user_name` varchar(255) DEFAULT NULL,
  `Password` varchar(255) DEFAULT NULL,
  `image` varchar(255) DEFAULT NULL,
  PRIMARY KEY (`id`)
) ENGINE=MyISAM AUTO_INCREMENT=4 DEFAULT CHARSET=latin1;

--
-- Dumping data for table `admin`
--

INSERT INTO `admin` (`id`, `Full_name`, `user_name`, `Password`, `image`) VALUES
(1, 'Admin', 'admin', '123456', 'public/jSaBnnt7vd5eYdt2Mh5epI92oCyXMZk9TtRTfeBq.jpg');

-- --------------------------------------------------------

--
-- Table structure for table `contactus`
--

DROP TABLE IF EXISTS `contactus`;
CREATE TABLE IF NOT EXISTS `contactus` (
  `id` int(11) NOT NULL AUTO_INCREMENT,
  `name` varchar(255) DEFAULT NULL,
  `email` varchar(255) DEFAULT NULL,
  `message` varchar(1000) DEFAULT NULL,
  `datetime` timestamp NULL DEFAULT CURRENT_TIMESTAMP,
  PRIMARY KEY (`id`)
) ENGINE=MyISAM AUTO_INCREMENT=13 DEFAULT CHARSET=utf8;

--
-- Dumping data for table `contactus`
--

INSERT INTO `contactus` (`id`, `name`, `email`, `message`, `datetime`) VALUES
(11, 'tasherul', 'admin@admin.com', 'asd asd asldalsd jalksdj lkas dlaks dj\'s fdasdfal;d jlkasdf jalskdf jldk faduf iaodj akd flkadf kad fkadh adh fadfh iasdf ad fadkj asdfhakdf akldf alkdsfh aif hlakdh kaljsd fhiaousdfh asdf alksdf asd ad fad ad f', '2021-01-08 17:23:37'),
(12, 'asdasd', 'asd', 'sa sdas dasjdlkajsldk askdj ask djlask dlaskjlkas jlkasjlaks asd asd asdas sa a', '2021-01-08 17:24:52');

-- --------------------------------------------------------

--
-- Table structure for table `galary`
--

DROP TABLE IF EXISTS `galary`;
CREATE TABLE IF NOT EXISTS `galary` (
  `id` int(11) NOT NULL AUTO_INCREMENT,
  `title` varchar(255) CHARACTER SET utf8 DEFAULT NULL,
  `image` varchar(255) CHARACTER SET utf8 DEFAULT NULL,
  PRIMARY KEY (`id`)
) ENGINE=MyISAM AUTO_INCREMENT=11 DEFAULT CHARSET=latin1;

--
-- Dumping data for table `galary`
--

INSERT INTO `galary` (`id`, `title`, `image`) VALUES
(4, 'H. Rackham', 'public/lhVZ038Ib8GOOyA8kVeyH47cuwYoZQ4M3Nifsspm.jpg'),
(5, 'H. Rackham', 'public/m9tN3ZmzhUmGT7kfUiHadbnuDyCytReIsXVKygpJ.jpg'),
(6, 'H. Rackham', 'public/Ivr2eCJp5vOXNb30FwEckX57czgd7gNEIKLYxUKL.jpg'),
(7, 'H. Rackham', 'public/2qgBNScD23kanFmcUbGDJ10D7jdWnYdHCCjVZsAh.jpg'),
(8, 'H. RackhamH. Rackham', 'public/tSVpJKYl2DD8QTYNUvpjAY8aRBQdfqn33gbiZkbW.jpg'),
(9, 'H. Rackham', 'public/coae7YWvaRzpm9CTQmEBLT5wI5yLCkEFxCWkmyZD.jpg'),
(10, 'H. Rackham', 'public/tvnyhuY3iXl5olzdktySyhL1v9F8CF99VnhLYUsv.jpg');

-- --------------------------------------------------------

--
-- Table structure for table `news`
--

DROP TABLE IF EXISTS `news`;
CREATE TABLE IF NOT EXISTS `news` (
  `id` int(11) NOT NULL AUTO_INCREMENT,
  `title` varchar(255) NOT NULL,
  `Discription` varchar(5000) NOT NULL,
  `short_description` varchar(255) DEFAULT NULL,
  `slug` varchar(255) NOT NULL,
  `image` varchar(255) DEFAULT NULL,
  `date` varchar(15) NOT NULL,
  `month` varchar(15) NOT NULL,
  `year` varchar(15) NOT NULL,
  `datetime` datetime DEFAULT CURRENT_TIMESTAMP,
  PRIMARY KEY (`id`)
) ENGINE=MyISAM AUTO_INCREMENT=27 DEFAULT CHARSET=utf8;

--
-- Dumping data for table `news`
--

INSERT INTO `news` (`id`, `title`, `Discription`, `short_description`, `slug`, `image`, `date`, `month`, `year`, `datetime`) VALUES
(18, 'The standard Lorem Ipsum passage, used since the 1500s. H. Rackham H. Rackha mLorem Ipsum passag', '<h2><strong>Section 1.10.32 of \"de Finibus Bonorum et Malorum\", written by Cicero in 45 BC</strong></h2>\r\n<p style=\"margin: 0px 0px 15px; padding: 0px; font-family: \'Open Sans\', Arial, sans-serif; text-align: justify;\">Sed ut perspiciatis unde omnis iste natus error sit voluptatem accusantium doloremque laudantium, totam rem aperiam, eaque ipsa quae ab illo inventore veritatis et quasi architecto beatae vitae dicta sunt explicabo. Nemo enim ipsam voluptatem quia voluptas sit aspernatur aut odit aut fugit, sed quia consequuntur magni dolores eos qui ratione voluptatem sequi nesciunt. Neque porro quisquam est, qui dolorem ipsum quia dolor sit amet, consectetur, adipisci velit, sed quia non numquam eius modi tempora incidunt ut labore et dolore magnam aliquam quaerat voluptatem. Ut enim ad minima veniam, quis nostrum exercitationem ullam corporis suscipit laboriosam, nisi ut aliquid ex ea commodi consequatur? Quis autem vel eum iure reprehenderit qui in ea voluptate velit esse quam nihil molestiae consequatur, vel illum qui dolorem eum fugiat quo voluptas nulla pariatur?</p>\r\n<h3 style=\"margin: 15px 0px; padding: 0px; font-size: 14px; font-family: \'Open Sans\', Arial, sans-serif;\">1. 1914 translation by H. Rackham</h3>\r\n<p style=\"margin: 0px 0px 15px; padding: 0px; text-align: justify; font-family: \'Open Sans\', Arial, sans-serif;\">On the other hand, we denounce with righteous indignation and dislike men who are so beguiled and demoralized by the charms of pleasure of the moment, so blinded by desire, that they cannot foresee the pain and trouble that are bound to ensue; and equal blame belongs to those who fail in their duty through weakness of will, which is the same as saying through shrinking from toil and pain. These cases are perfectly simple and easy to distinguish. In a free hour, when our power of choice is untrammeled and when nothing prevents our being able to do what we like best, every pleasure is to be welcomed and every pain avoided. But in certain circumstances and owing to the claims of duty or the obligations of business it will frequently occur that pleasures have to be repudiated and annoyances accepted. The wise man therefore always holds in these matters to this principle of selection: he rejects pleasures to secure other greater pleasures, or else he endures pains to avoid worse pains.</p>\r\n<p style=\"margin: 0px 0px 15px; padding: 0px; text-align: justify; font-family: \'Open Sans\', Arial, sans-serif;\">&nbsp;</p>\r\n<h3 style=\"margin: 15px 0px; padding: 0px; font-size: 14px; font-family: \'Open Sans\', Arial, sans-serif;\">2. Section 1.10.33 of \"de Finibus Bonorum et Malorum\", written by Cicero in 45 BC</h3>\r\n<p style=\"margin: 0px 0px 15px; padding: 0px; text-align: justify; font-family: \'Open Sans\', Arial, sans-serif;\">At vero eos et accusamus et iusto odio dignissimos ducimus qui blanditiis praesentium voluptatum deleniti atque corrupti quos dolores et quas molestias excepturi sint occaecati cupiditate non provident, similique sunt in culpa qui officia deserunt mollitia animi, id est laborum et dolorum fuga. Et harum quidem rerum facilis est et expedita distinctio. Nam libero tempore, cum soluta nobis est eligendi optio cumque nihil impedit quo minus id quod maxime placeat facere possimus, omnis voluptas assumenda est, omnis dolor repellendus. Temporibus autem quibusdam et aut officiis debitis aut rerum necessitatibus saepe eveniet ut et voluptates repudiandae sint et molestiae non recusandae. Itaque earum rerum hic tenetur a sapiente delectus, ut aut reiciendis voluptatibus maiores alias consequatur aut perferendis doloribus asperiores repellat.</p>', 'Lorem ipsum dolor sit amet, consectetur adipiscing elit, sed do eiusmod tempor incididunt ut labore et dolore magna aliqua.', 'the-standard-lorem-ipsum-passage-used-since-the-1500s-h-rackham-h-rackha-mlorem-ipsum-passag', 'public/b1ONa3gFOdt7EouFZ5ZvrZJi04YSIfYFZ43VVJmt.jpg', '08', 'Jan', '2021', '2021-01-09 04:25:34'),
(19, 'The standard Lorem Ipsum passage, used since the 1500s. H. Rackham H. Rackha mLorem Ipsum passag', '<h2><strong>Section 1.10.32 of \"de Finibus Bonorum et Malorum\", written by Cicero in 45 BC</strong></h2> <p style=\"margin: 0px 0px 15px; padding: 0px; font-family: \'Open Sans\', Arial, sans-serif; text-align: justify;\">Sed ut perspiciatis unde omnis iste natus error sit voluptatem accusantium doloremque laudantium, totam rem aperiam, eaque ipsa quae ab illo inventore veritatis et quasi architecto beatae vitae dicta sunt explicabo. Nemo enim ipsam voluptatem quia voluptas sit aspernatur aut odit aut fugit, sed quia consequuntur magni dolores eos qui ratione voluptatem sequi nesciunt. Neque porro quisquam est, qui dolorem ipsum quia dolor sit amet, consectetur, adipisci velit, sed quia non numquam eius modi tempora incidunt ut labore et dolore magnam aliquam quaerat voluptatem. Ut enim ad minima veniam, quis nostrum exercitationem ullam corporis suscipit laboriosam, nisi ut aliquid ex ea commodi consequatur? Quis autem vel eum iure reprehenderit qui in ea voluptate velit esse quam nihil molestiae consequatur, vel illum qui dolorem eum fugiat quo voluptas nulla pariatur?</p> <h3 style=\"margin: 15px 0px; padding: 0px; font-size: 14px; font-family: \'Open Sans\', Arial, sans-serif;\">1. 1914 translation by H. Rackham</h3> <p style=\"margin: 0px 0px 15px; padding: 0px; text-align: justify; font-family: \'Open Sans\', Arial, sans-serif;\">On the other hand, we denounce with righteous indignation and dislike men who are so beguiled and demoralized by the charms of pleasure of the moment, so blinded by desire, that they cannot foresee the pain and trouble that are bound to ensue; and equal blame belongs to those who fail in their duty through weakness of will, which is the same as saying through shrinking from toil and pain. These cases are perfectly simple and easy to distinguish. In a free hour, when our power of choice is untrammeled and when nothing prevents our being able to do what we like best, every pleasure is to be welcomed and every pain avoided. But in certain circumstances and owing to the claims of duty or the obligations of business it will frequently occur that pleasures have to be repudiated and annoyances accepted. The wise man therefore always holds in these matters to this principle of selection: he rejects pleasures to secure other greater pleasures, or else he endures pains to avoid worse pains.</p> <p style=\"margin: 0px 0px 15px; padding: 0px; text-align: justify; font-family: \'Open Sans\', Arial, sans-serif;\">&nbsp;</p> <h3 style=\"margin: 15px 0px; padding: 0px; font-size: 14px; font-family: \'Open Sans\', Arial, sans-serif;\">2. Section 1.10.33 of \"de Finibus Bonorum et Malorum\", written by Cicero in 45 BC</h3> <p style=\"margin: 0px 0px 15px; padding: 0px; text-align: justify; font-family: \'Open Sans\', Arial, sans-serif;\">At vero eos et accusamus et iusto odio dignissimos ducimus qui blanditiis praesentium voluptatum deleniti atque corrupti quos dolores et quas molestias excepturi sint occaecati cupiditate non provident, similique sunt in culpa qui officia deserunt mollitia animi, id est laborum et dolorum fuga. Et harum quidem rerum facilis est et expedita distinctio. Nam libero tempore, cum soluta nobis est eligendi optio cumque nihil impedit quo minus id quod maxime placeat facere possimus, omnis voluptas assumenda est, omnis dolor repellendus. Temporibus autem quibusdam et aut officiis debitis aut rerum necessitatibus saepe eveniet ut et voluptates repudiandae sint et molestiae non recusandae. Itaque earum rerum hic tenetur a sapiente delectus, ut aut reiciendis voluptatibus maiores alias consequatur aut perferendis doloribus asperiores repellat.</p>', 'Lorem ipsum dolor sit amet, consectetur adipiscing elit, sed do eiusmod tempor incididunt ut labore et dolore magna aliqua.', 'the-standard-lorem-ipsum-passage-used-since-the-1500s-h-rackham-h-rackha-mlorem-ipsum-passag', 'public/HLcHIu927urnnen1Hpxv7LaavFFeV7zF75DsXAM9.jpg', '08', 'Jan', '2021', '2021-01-09 04:30:06'),
(20, 'The standard Lorem Ipsum passage, used since the 1500s. H. Rackham H. Rackham', '<h2><strong>Section 1.10.32 of \"de Finibus Bonorum et Malorum\", written by Cicero in 45 BC</strong></h2> <p style=\"margin: 0px 0px 15px; padding: 0px; font-family: \'Open Sans\', Arial, sans-serif; text-align: justify;\">Sed ut perspiciatis unde omnis iste natus error sit voluptatem accusantium doloremque laudantium, totam rem aperiam, eaque ipsa quae ab illo inventore veritatis et quasi architecto beatae vitae dicta sunt explicabo. Nemo enim ipsam voluptatem quia voluptas sit aspernatur aut odit aut fugit, sed quia consequuntur magni dolores eos qui ratione voluptatem sequi nesciunt. Neque porro quisquam est, qui dolorem ipsum quia dolor sit amet, consectetur, adipisci velit, sed quia non numquam eius modi tempora incidunt ut labore et dolore magnam aliquam quaerat voluptatem. Ut enim ad minima veniam, quis nostrum exercitationem ullam corporis suscipit laboriosam, nisi ut aliquid ex ea commodi consequatur? Quis autem vel eum iure reprehenderit qui in ea voluptate velit esse quam nihil molestiae consequatur, vel illum qui dolorem eum fugiat quo voluptas nulla pariatur?</p> <h3 style=\"margin: 15px 0px; padding: 0px; font-size: 14px; font-family: \'Open Sans\', Arial, sans-serif;\">1. 1914 translation by H. Rackham</h3> <p style=\"margin: 0px 0px 15px; padding: 0px; text-align: justify; font-family: \'Open Sans\', Arial, sans-serif;\">On the other hand, we denounce with righteous indignation and dislike men who are so beguiled and demoralized by the charms of pleasure of the moment, so blinded by desire, that they cannot foresee the pain and trouble that are bound to ensue; and equal blame belongs to those who fail in their duty through weakness of will, which is the same as saying through shrinking from toil and pain. These cases are perfectly simple and easy to distinguish. In a free hour, when our power of choice is untrammeled and when nothing prevents our being able to do what we like best, every pleasure is to be welcomed and every pain avoided. But in certain circumstances and owing to the claims of duty or the obligations of business it will frequently occur that pleasures have to be repudiated and annoyances accepted. The wise man therefore always holds in these matters to this principle of selection: he rejects pleasures to secure other greater pleasures, or else he endures pains to avoid worse pains.</p> <p style=\"margin: 0px 0px 15px; padding: 0px; text-align: justify; font-family: \'Open Sans\', Arial, sans-serif;\">&nbsp;</p> <h3 style=\"margin: 15px 0px; padding: 0px; font-size: 14px; font-family: \'Open Sans\', Arial, sans-serif;\">2. Section 1.10.33 of \"de Finibus Bonorum et Malorum\", written by Cicero in 45 BC</h3> <p style=\"margin: 0px 0px 15px; padding: 0px; text-align: justify; font-family: \'Open Sans\', Arial, sans-serif;\">At vero eos et accusamus et iusto odio dignissimos ducimus qui blanditiis praesentium voluptatum deleniti atque corrupti quos dolores et quas molestias excepturi sint occaecati cupiditate non provident, similique sunt in culpa qui officia deserunt mollitia animi, id est laborum et dolorum fuga. Et harum quidem rerum facilis est et expedita distinctio. Nam libero tempore, cum soluta nobis est eligendi optio cumque nihil impedit quo minus id quod maxime placeat facere possimus, omnis voluptas assumenda est, omnis dolor repellendus. Temporibus autem quibusdam et aut officiis debitis aut rerum necessitatibus saepe eveniet ut et voluptates repudiandae sint et molestiae non recusandae. Itaque earum rerum hic tenetur a sapiente delectus, ut aut reiciendis voluptatibus maiores alias consequatur aut perferendis doloribus asperiores repellat.</p>', 'Lorem ipsum dolor sit amet, consectetur adipiscing elit, sed do eiusmod tempor incididunt ut labore et dolore magna aliqua.', 'the-standard-lorem-ipsum-passage-used-since-the-1500s-h-rackham-h-rackham', 'public/K2iFpu28fiaJsEDj0yCFh3gZQzCNGZH2HwP57jts.jpg', '08', 'Jan', '2021', '2021-01-09 04:32:43'),
(21, 'The standard Lorem Ipsum passage, used since the 1500s.', '<h2><strong>Section 1.10.32 of \"de Finibus Bonorum et Malorum\", written by Cicero in 45 BC</strong></h2> <p style=\"margin: 0px 0px 15px; padding: 0px; font-family: \'Open Sans\', Arial, sans-serif; text-align: justify;\">Sed ut perspiciatis unde omnis iste natus error sit voluptatem accusantium doloremque laudantium, totam rem aperiam, eaque ipsa quae ab illo inventore veritatis et quasi architecto beatae vitae dicta sunt explicabo. Nemo enim ipsam voluptatem quia voluptas sit aspernatur aut odit aut fugit, sed quia consequuntur magni dolores eos qui ratione voluptatem sequi nesciunt. Neque porro quisquam est, qui dolorem ipsum quia dolor sit amet, consectetur, adipisci velit, sed quia non numquam eius modi tempora incidunt ut labore et dolore magnam aliquam quaerat voluptatem. Ut enim ad minima veniam, quis nostrum exercitationem ullam corporis suscipit laboriosam, nisi ut aliquid ex ea commodi consequatur? Quis autem vel eum iure reprehenderit qui in ea voluptate velit esse quam nihil molestiae consequatur, vel illum qui dolorem eum fugiat quo voluptas nulla pariatur?</p> <h3 style=\"margin: 15px 0px; padding: 0px; font-size: 14px; font-family: \'Open Sans\', Arial, sans-serif;\">1. 1914 translation by H. Rackham</h3> <p style=\"margin: 0px 0px 15px; padding: 0px; text-align: justify; font-family: \'Open Sans\', Arial, sans-serif;\">On the other hand, we denounce with righteous indignation and dislike men who are so beguiled and demoralized by the charms of pleasure of the moment, so blinded by desire, that they cannot foresee the pain and trouble that are bound to ensue; and equal blame belongs to those who fail in their duty through weakness of will, which is the same as saying through shrinking from toil and pain. These cases are perfectly simple and easy to distinguish. In a free hour, when our power of choice is untrammeled and when nothing prevents our being able to do what we like best, every pleasure is to be welcomed and every pain avoided. But in certain circumstances and owing to the claims of duty or the obligations of business it will frequently occur that pleasures have to be repudiated and annoyances accepted. The wise man therefore always holds in these matters to this principle of selection: he rejects pleasures to secure other greater pleasures, or else he endures pains to avoid worse pains.</p> <p style=\"margin: 0px 0px 15px; padding: 0px; text-align: justify; font-family: \'Open Sans\', Arial, sans-serif;\">&nbsp;</p> <h3 style=\"margin: 15px 0px; padding: 0px; font-size: 14px; font-family: \'Open Sans\', Arial, sans-serif;\">2. Section 1.10.33 of \"de Finibus Bonorum et Malorum\", written by Cicero in 45 BC</h3> <p style=\"margin: 0px 0px 15px; padding: 0px; text-align: justify; font-family: \'Open Sans\', Arial, sans-serif;\">At vero eos et accusamus et iusto odio dignissimos ducimus qui blanditiis praesentium voluptatum deleniti atque corrupti quos dolores et quas molestias excepturi sint occaecati cupiditate non provident, similique sunt in culpa qui officia deserunt mollitia animi, id est laborum et dolorum fuga. Et harum quidem rerum facilis est et expedita distinctio. Nam libero tempore, cum soluta nobis est eligendi optio cumque nihil impedit quo minus id quod maxime placeat facere possimus, omnis voluptas assumenda est, omnis dolor repellendus. Temporibus autem quibusdam et aut officiis debitis aut rerum necessitatibus saepe eveniet ut et voluptates repudiandae sint et molestiae non recusandae. Itaque earum rerum hic tenetur a sapiente delectus, ut aut reiciendis voluptatibus maiores alias consequatur aut perferendis doloribus asperiores repellat.</p>', 'Lorem ipsum dolor sit amet, consectetur adipiscing elit, sed do eiusmod tempor incididunt ut labore et dolore magna aliqua.', 'the-standard-lorem-ipsum-passage-used-since-the-1500s', 'public/wbFlLiEPYtGN3V7hgB7BUGW8W4D4qKSTR3KFoQLW.jpg', '08', 'Jan', '2021', '2021-01-09 04:35:57'),
(22, 'The standard Lorem Ipsum passage, used since the 1500s.', '<h2><strong>Section 1.10.32 of \"de Finibus Bonorum et Malorum\", written by Cicero in 45 BC</strong></h2> <p style=\"margin: 0px 0px 15px; padding: 0px; font-family: \'Open Sans\', Arial, sans-serif; text-align: justify;\">Sed ut perspiciatis unde omnis iste natus error sit voluptatem accusantium doloremque laudantium, totam rem aperiam, eaque ipsa quae ab illo inventore veritatis et quasi architecto beatae vitae dicta sunt explicabo. Nemo enim ipsam voluptatem quia voluptas sit aspernatur aut odit aut fugit, sed quia consequuntur magni dolores eos qui ratione voluptatem sequi nesciunt. Neque porro quisquam est, qui dolorem ipsum quia dolor sit amet, consectetur, adipisci velit, sed quia non numquam eius modi tempora incidunt ut labore et dolore magnam aliquam quaerat voluptatem. Ut enim ad minima veniam, quis nostrum exercitationem ullam corporis suscipit laboriosam, nisi ut aliquid ex ea commodi consequatur? Quis autem vel eum iure reprehenderit qui in ea voluptate velit esse quam nihil molestiae consequatur, vel illum qui dolorem eum fugiat quo voluptas nulla pariatur?</p> <h3 style=\"margin: 15px 0px; padding: 0px; font-size: 14px; font-family: \'Open Sans\', Arial, sans-serif;\">1. 1914 translation by H. Rackham</h3> <p style=\"margin: 0px 0px 15px; padding: 0px; text-align: justify; font-family: \'Open Sans\', Arial, sans-serif;\">On the other hand, we denounce with righteous indignation and dislike men who are so beguiled and demoralized by the charms of pleasure of the moment, so blinded by desire, that they cannot foresee the pain and trouble that are bound to ensue; and equal blame belongs to those who fail in their duty through weakness of will, which is the same as saying through shrinking from toil and pain. These cases are perfectly simple and easy to distinguish. In a free hour, when our power of choice is untrammeled and when nothing prevents our being able to do what we like best, every pleasure is to be welcomed and every pain avoided. But in certain circumstances and owing to the claims of duty or the obligations of business it will frequently occur that pleasures have to be repudiated and annoyances accepted. The wise man therefore always holds in these matters to this principle of selection: he rejects pleasures to secure other greater pleasures, or else he endures pains to avoid worse pains.</p> <p style=\"margin: 0px 0px 15px; padding: 0px; text-align: justify; font-family: \'Open Sans\', Arial, sans-serif;\">&nbsp;</p> <h3 style=\"margin: 15px 0px; padding: 0px; font-size: 14px; font-family: \'Open Sans\', Arial, sans-serif;\">2. Section 1.10.33 of \"de Finibus Bonorum et Malorum\", written by Cicero in 45 BC</h3> <p style=\"margin: 0px 0px 15px; padding: 0px; text-align: justify; font-family: \'Open Sans\', Arial, sans-serif;\">At vero eos et accusamus et iusto odio dignissimos ducimus qui blanditiis praesentium voluptatum deleniti atque corrupti quos dolores et quas molestias excepturi sint occaecati cupiditate non provident, similique sunt in culpa qui officia deserunt mollitia animi, id est laborum et dolorum fuga. Et harum quidem rerum facilis est et expedita distinctio. Nam libero tempore, cum soluta nobis est eligendi optio cumque nihil impedit quo minus id quod maxime placeat facere possimus, omnis voluptas assumenda est, omnis dolor repellendus. Temporibus autem quibusdam et aut officiis debitis aut rerum necessitatibus saepe eveniet ut et voluptates repudiandae sint et molestiae non recusandae. Itaque earum rerum hic tenetur a sapiente delectus, ut aut reiciendis voluptatibus maiores alias consequatur aut perferendis doloribus asperiores repellat.</p>', 'Lorem ipsum dolor sit amet, consectetur adipiscing elit, sed do eiusmod tempor incididunt ut labore et dolore magna aliqua.', 'the-standard-lorem-ipsum-passage-used-since-the-1500s', 'public/PHLkUVUGMLDpj4vlyPo7Plg7UEXTekPjuXsqJTlW.jpg', '08', 'Jan', '2021', '2021-01-09 04:37:52'),
(23, 'The standard Lorem Ipsum passage, used since the 1500s.', '<h2><strong>Section 1.10.32 of \"de Finibus Bonorum et Malorum\", written by Cicero in 45 BC</strong></h2> <p style=\"margin: 0px 0px 15px; padding: 0px; font-family: \'Open Sans\', Arial, sans-serif; text-align: justify;\">Sed ut perspiciatis unde omnis iste natus error sit voluptatem accusantium doloremque laudantium, totam rem aperiam, eaque ipsa quae ab illo inventore veritatis et quasi architecto beatae vitae dicta sunt explicabo. Nemo enim ipsam voluptatem quia voluptas sit aspernatur aut odit aut fugit, sed quia consequuntur magni dolores eos qui ratione voluptatem sequi nesciunt. Neque porro quisquam est, qui dolorem ipsum quia dolor sit amet, consectetur, adipisci velit, sed quia non numquam eius modi tempora incidunt ut labore et dolore magnam aliquam quaerat voluptatem. Ut enim ad minima veniam, quis nostrum exercitationem ullam corporis suscipit laboriosam, nisi ut aliquid ex ea commodi consequatur? Quis autem vel eum iure reprehenderit qui in ea voluptate velit esse quam nihil molestiae consequatur, vel illum qui dolorem eum fugiat quo voluptas nulla pariatur?</p> <h3 style=\"margin: 15px 0px; padding: 0px; font-size: 14px; font-family: \'Open Sans\', Arial, sans-serif;\">1. 1914 translation by H. Rackham</h3> <p style=\"margin: 0px 0px 15px; padding: 0px; text-align: justify; font-family: \'Open Sans\', Arial, sans-serif;\">On the other hand, we denounce with righteous indignation and dislike men who are so beguiled and demoralized by the charms of pleasure of the moment, so blinded by desire, that they cannot foresee the pain and trouble that are bound to ensue; and equal blame belongs to those who fail in their duty through weakness of will, which is the same as saying through shrinking from toil and pain. These cases are perfectly simple and easy to distinguish. In a free hour, when our power of choice is untrammeled and when nothing prevents our being able to do what we like best, every pleasure is to be welcomed and every pain avoided. But in certain circumstances and owing to the claims of duty or the obligations of business it will frequently occur that pleasures have to be repudiated and annoyances accepted. The wise man therefore always holds in these matters to this principle of selection: he rejects pleasures to secure other greater pleasures, or else he endures pains to avoid worse pains.</p> <p style=\"margin: 0px 0px 15px; padding: 0px; text-align: justify; font-family: \'Open Sans\', Arial, sans-serif;\">&nbsp;</p> <h3 style=\"margin: 15px 0px; padding: 0px; font-size: 14px; font-family: \'Open Sans\', Arial, sans-serif;\">2. Section 1.10.33 of \"de Finibus Bonorum et Malorum\", written by Cicero in 45 BC</h3> <p style=\"margin: 0px 0px 15px; padding: 0px; text-align: justify; font-family: \'Open Sans\', Arial, sans-serif;\">At vero eos et accusamus et iusto odio dignissimos ducimus qui blanditiis praesentium voluptatum deleniti atque corrupti quos dolores et quas molestias excepturi sint occaecati cupiditate non provident, similique sunt in culpa qui officia deserunt mollitia animi, id est laborum et dolorum fuga. Et harum quidem rerum facilis est et expedita distinctio. Nam libero tempore, cum soluta nobis est eligendi optio cumque nihil impedit quo minus id quod maxime placeat facere possimus, omnis voluptas assumenda est, omnis dolor repellendus. Temporibus autem quibusdam et aut officiis debitis aut rerum necessitatibus saepe eveniet ut et voluptates repudiandae sint et molestiae non recusandae. Itaque earum rerum hic tenetur a sapiente delectus, ut aut reiciendis voluptatibus maiores alias consequatur aut perferendis doloribus asperiores repellat.</p>', 'Lorem ipsum dolor sit amet, consectetur adipiscing elit, sed do eiusmod tempor incididunt ut labore et dolore magna aliqua.', 'the-standard-lorem-ipsum-passage-used-since-the-1500s', 'public/olYHcq9o8l5IyGBi8U5fBkini66RsDK7oEhpkYSj.jpg', '08', 'Jan', '2021', '2021-01-09 04:37:59'),
(24, 'The standard Lorem Ipsum passage, used since the 1500s.', '<h2><strong>Section 1.10.32 of \"de Finibus Bonorum et Malorum\", written by Cicero in 45 BC</strong></h2> <p style=\"margin: 0px 0px 15px; padding: 0px; font-family: \'Open Sans\', Arial, sans-serif; text-align: justify;\">Sed ut perspiciatis unde omnis iste natus error sit voluptatem accusantium doloremque laudantium, totam rem aperiam, eaque ipsa quae ab illo inventore veritatis et quasi architecto beatae vitae dicta sunt explicabo. Nemo enim ipsam voluptatem quia voluptas sit aspernatur aut odit aut fugit, sed quia consequuntur magni dolores eos qui ratione voluptatem sequi nesciunt. Neque porro quisquam est, qui dolorem ipsum quia dolor sit amet, consectetur, adipisci velit, sed quia non numquam eius modi tempora incidunt ut labore et dolore magnam aliquam quaerat voluptatem. Ut enim ad minima veniam, quis nostrum exercitationem ullam corporis suscipit laboriosam, nisi ut aliquid ex ea commodi consequatur? Quis autem vel eum iure reprehenderit qui in ea voluptate velit esse quam nihil molestiae consequatur, vel illum qui dolorem eum fugiat quo voluptas nulla pariatur?</p> <h3 style=\"margin: 15px 0px; padding: 0px; font-size: 14px; font-family: \'Open Sans\', Arial, sans-serif;\">1. 1914 translation by H. Rackham</h3> <p style=\"margin: 0px 0px 15px; padding: 0px; text-align: justify; font-family: \'Open Sans\', Arial, sans-serif;\">On the other hand, we denounce with righteous indignation and dislike men who are so beguiled and demoralized by the charms of pleasure of the moment, so blinded by desire, that they cannot foresee the pain and trouble that are bound to ensue; and equal blame belongs to those who fail in their duty through weakness of will, which is the same as saying through shrinking from toil and pain. These cases are perfectly simple and easy to distinguish. In a free hour, when our power of choice is untrammeled and when nothing prevents our being able to do what we like best, every pleasure is to be welcomed and every pain avoided. But in certain circumstances and owing to the claims of duty or the obligations of business it will frequently occur that pleasures have to be repudiated and annoyances accepted. The wise man therefore always holds in these matters to this principle of selection: he rejects pleasures to secure other greater pleasures, or else he endures pains to avoid worse pains.</p> <p style=\"margin: 0px 0px 15px; padding: 0px; text-align: justify; font-family: \'Open Sans\', Arial, sans-serif;\">&nbsp;</p> <h3 style=\"margin: 15px 0px; padding: 0px; font-size: 14px; font-family: \'Open Sans\', Arial, sans-serif;\">2. Section 1.10.33 of \"de Finibus Bonorum et Malorum\", written by Cicero in 45 BC</h3> <p style=\"margin: 0px 0px 15px; padding: 0px; text-align: justify; font-family: \'Open Sans\', Arial, sans-serif;\">At vero eos et accusamus et iusto odio dignissimos ducimus qui blanditiis praesentium voluptatum deleniti atque corrupti quos dolores et quas molestias excepturi sint occaecati cupiditate non provident, similique sunt in culpa qui officia deserunt mollitia animi, id est laborum et dolorum fuga. Et harum quidem rerum facilis est et expedita distinctio. Nam libero tempore, cum soluta nobis est eligendi optio cumque nihil impedit quo minus id quod maxime placeat facere possimus, omnis voluptas assumenda est, omnis dolor repellendus. Temporibus autem quibusdam et aut officiis debitis aut rerum necessitatibus saepe eveniet ut et voluptates repudiandae sint et molestiae non recusandae. Itaque earum rerum hic tenetur a sapiente delectus, ut aut reiciendis voluptatibus maiores alias consequatur aut perferendis doloribus asperiores repellat.</p>', 'Lorem ipsum dolor sit amet, consectetur adipiscing elit, sed do eiusmod tempor incididunt ut labore et dolore magna aliqua.', 'the-standard-lorem-ipsum-passage-used-since-the-1500s', 'public/V0KbcgFJjhtB3mGgZyphRWF8elm7DtCR43ip0bWx.jpg', '08', 'Jan', '2021', '2021-01-09 04:38:07'),
(25, 'The standard Lorem Ipsum passage, used since the 1500s.', '<h2><strong>Section 1.10.32 of \"de Finibus Bonorum et Malorum\", written by Cicero in 45 BC</strong></h2> <p style=\"margin: 0px 0px 15px; padding: 0px; font-family: \'Open Sans\', Arial, sans-serif; text-align: justify;\">Sed ut perspiciatis unde omnis iste natus error sit voluptatem accusantium doloremque laudantium, totam rem aperiam, eaque ipsa quae ab illo inventore veritatis et quasi architecto beatae vitae dicta sunt explicabo. Nemo enim ipsam voluptatem quia voluptas sit aspernatur aut odit aut fugit, sed quia consequuntur magni dolores eos qui ratione voluptatem sequi nesciunt. Neque porro quisquam est, qui dolorem ipsum quia dolor sit amet, consectetur, adipisci velit, sed quia non numquam eius modi tempora incidunt ut labore et dolore magnam aliquam quaerat voluptatem. Ut enim ad minima veniam, quis nostrum exercitationem ullam corporis suscipit laboriosam, nisi ut aliquid ex ea commodi consequatur? Quis autem vel eum iure reprehenderit qui in ea voluptate velit esse quam nihil molestiae consequatur, vel illum qui dolorem eum fugiat quo voluptas nulla pariatur?</p> <h3 style=\"margin: 15px 0px; padding: 0px; font-size: 14px; font-family: \'Open Sans\', Arial, sans-serif;\">1. 1914 translation by H. Rackham</h3> <p style=\"margin: 0px 0px 15px; padding: 0px; text-align: justify; font-family: \'Open Sans\', Arial, sans-serif;\">On the other hand, we denounce with righteous indignation and dislike men who are so beguiled and demoralized by the charms of pleasure of the moment, so blinded by desire, that they cannot foresee the pain and trouble that are bound to ensue; and equal blame belongs to those who fail in their duty through weakness of will, which is the same as saying through shrinking from toil and pain. These cases are perfectly simple and easy to distinguish. In a free hour, when our power of choice is untrammeled and when nothing prevents our being able to do what we like best, every pleasure is to be welcomed and every pain avoided. But in certain circumstances and owing to the claims of duty or the obligations of business it will frequently occur that pleasures have to be repudiated and annoyances accepted. The wise man therefore always holds in these matters to this principle of selection: he rejects pleasures to secure other greater pleasures, or else he endures pains to avoid worse pains.</p> <p style=\"margin: 0px 0px 15px; padding: 0px; text-align: justify; font-family: \'Open Sans\', Arial, sans-serif;\">&nbsp;</p> <h3 style=\"margin: 15px 0px; padding: 0px; font-size: 14px; font-family: \'Open Sans\', Arial, sans-serif;\">2. Section 1.10.33 of \"de Finibus Bonorum et Malorum\", written by Cicero in 45 BC</h3> <p style=\"margin: 0px 0px 15px; padding: 0px; text-align: justify; font-family: \'Open Sans\', Arial, sans-serif;\">At vero eos et accusamus et iusto odio dignissimos ducimus qui blanditiis praesentium voluptatum deleniti atque corrupti quos dolores et quas molestias excepturi sint occaecati cupiditate non provident, similique sunt in culpa qui officia deserunt mollitia animi, id est laborum et dolorum fuga. Et harum quidem rerum facilis est et expedita distinctio. Nam libero tempore, cum soluta nobis est eligendi optio cumque nihil impedit quo minus id quod maxime placeat facere possimus, omnis voluptas assumenda est, omnis dolor repellendus. Temporibus autem quibusdam et aut officiis debitis aut rerum necessitatibus saepe eveniet ut et voluptates repudiandae sint et molestiae non recusandae. Itaque earum rerum hic tenetur a sapiente delectus, ut aut reiciendis voluptatibus maiores alias consequatur aut perferendis doloribus asperiores repellat.</p>', 'Lorem ipsum dolor sit amet, consectetur adipiscing elit, sed do eiusmod tempor incididunt ut labore et dolore magna aliqua.', 'the-standard-lorem-ipsum-passage-used-since-the-1500s', 'public/8rgK78Y6Jf8OydhfcoiHe4Wwxi3AUlbgYlxZm8BO.jpg', '08', 'Jan', '2021', '2021-01-09 04:55:54'),
(26, 'The standard Lorem Ipsum passage, used since the 1500s. H. Rackham H. Rackha mLorem Ipsum passag', '<h2><strong>Section 1.10.32 of \"de Finibus Bonorum et Malorum\", written by Cicero in 45 BC</strong></h2> <p style=\"margin: 0px 0px 15px; padding: 0px; font-family: \'Open Sans\', Arial, sans-serif; text-align: justify;\">Sed ut perspiciatis unde omnis iste natus error sit voluptatem accusantium doloremque laudantium, totam rem aperiam, eaque ipsa quae ab illo inventore veritatis et quasi architecto beatae vitae dicta sunt explicabo. Nemo enim ipsam voluptatem quia voluptas sit aspernatur aut odit aut fugit, sed quia consequuntur magni dolores eos qui ratione voluptatem sequi nesciunt. Neque porro quisquam est, qui dolorem ipsum quia dolor sit amet, consectetur, adipisci velit, sed quia non numquam eius modi tempora incidunt ut labore et dolore magnam aliquam quaerat voluptatem. Ut enim ad minima veniam, quis nostrum exercitationem ullam corporis suscipit laboriosam, nisi ut aliquid ex ea commodi consequatur? Quis autem vel eum iure reprehenderit qui in ea voluptate velit esse quam nihil molestiae consequatur, vel illum qui dolorem eum fugiat quo voluptas nulla pariatur?</p> <h3 style=\"margin: 15px 0px; padding: 0px; font-size: 14px; font-family: \'Open Sans\', Arial, sans-serif;\">1. 1914 translation by H. Rackham</h3> <p style=\"margin: 0px 0px 15px; padding: 0px; text-align: justify; font-family: \'Open Sans\', Arial, sans-serif;\">On the other hand, we denounce with righteous indignation and dislike men who are so beguiled and demoralized by the charms of pleasure of the moment, so blinded by desire, that they cannot foresee the pain and trouble that are bound to ensue; and equal blame belongs to those who fail in their duty through weakness of will, which is the same as saying through shrinking from toil and pain. These cases are perfectly simple and easy to distinguish. In a free hour, when our power of choice is untrammeled and when nothing prevents our being able to do what we like best, every pleasure is to be welcomed and every pain avoided. But in certain circumstances and owing to the claims of duty or the obligations of business it will frequently occur that pleasures have to be repudiated and annoyances accepted. The wise man therefore always holds in these matters to this principle of selection: he rejects pleasures to secure other greater pleasures, or else he endures pains to avoid worse pains.</p> <p style=\"margin: 0px 0px 15px; padding: 0px; text-align: justify; font-family: \'Open Sans\', Arial, sans-serif;\">&nbsp;</p> <h3 style=\"margin: 15px 0px; padding: 0px; font-size: 14px; font-family: \'Open Sans\', Arial, sans-serif;\">2. Section 1.10.33 of \"de Finibus Bonorum et Malorum\", written by Cicero in 45 BC</h3> <p style=\"margin: 0px 0px 15px; padding: 0px; text-align: justify; font-family: \'Open Sans\', Arial, sans-serif;\">At vero eos et accusamus et iusto odio dignissimos ducimus qui blanditiis praesentium voluptatum deleniti atque corrupti quos dolores et quas molestias excepturi sint occaecati cupiditate non provident, similique sunt in culpa qui officia deserunt mollitia animi, id est laborum et dolorum fuga. Et harum quidem rerum facilis est et expedita distinctio. Nam libero tempore, cum soluta nobis est eligendi optio cumque nihil impedit quo minus id quod maxime placeat facere possimus, omnis voluptas assumenda est, omnis dolor repellendus. Temporibus autem quibusdam et aut officiis debitis aut rerum necessitatibus saepe eveniet ut et voluptates repudiandae sint et molestiae non recusandae. Itaque earum rerum hic tenetur a sapiente delectus, ut aut reiciendis voluptatibus maiores alias consequatur aut perferendis doloribus asperiores repellat.</p>', 'Lorem ipsum dolor sit amet, consectetur adipiscing elit, sed do eiusmod tempor incididunt ut labore et dolore magna aliqua.', 'the-standard-lorem-ipsum-passage-used-since-the-1500s-h-rackham-h-rackha-mlorem-ipsum-passag', 'public/J0DJBkuHsdBpbCwxNQOhUj1oMlLc89WOivw4o5iu.jpg', '08', 'Jan', '2021', '2021-01-09 04:56:02');

-- --------------------------------------------------------

--
-- Table structure for table `newsletter`
--

DROP TABLE IF EXISTS `newsletter`;
CREATE TABLE IF NOT EXISTS `newsletter` (
  `id` int(11) NOT NULL AUTO_INCREMENT,
  `email` varchar(255) CHARACTER SET utf8 DEFAULT NULL,
  `date` timestamp NULL DEFAULT CURRENT_TIMESTAMP,
  PRIMARY KEY (`id`)
) ENGINE=MyISAM AUTO_INCREMENT=5 DEFAULT CHARSET=latin1;

--
-- Dumping data for table `newsletter`
--

INSERT INTO `newsletter` (`id`, `email`, `date`) VALUES
(1, 'admin@gmail.com', '2021-01-08 00:41:46'),
(2, 'ra@gmail.com', '2021-01-08 00:42:47'),
(3, 'admin@admin.com', '2021-01-08 03:30:05'),
(4, 'rajib@gmail.com', '2021-01-09 00:07:10');

-- --------------------------------------------------------

--
-- Table structure for table `slider`
--

DROP TABLE IF EXISTS `slider`;
CREATE TABLE IF NOT EXISTS `slider` (
  `id` int(11) NOT NULL AUTO_INCREMENT,
  `titel` varchar(255) CHARACTER SET utf8 DEFAULT NULL,
  `discription` varchar(255) CHARACTER SET utf8 DEFAULT NULL,
  `image` varchar(255) CHARACTER SET utf8 DEFAULT NULL,
  `link` varchar(255) CHARACTER SET utf8 DEFAULT NULL,
  `creat_at` timestamp NULL DEFAULT CURRENT_TIMESTAMP,
  PRIMARY KEY (`id`)
) ENGINE=MyISAM AUTO_INCREMENT=23 DEFAULT CHARSET=latin1;

--
-- Dumping data for table `slider`
--

INSERT INTO `slider` (`id`, `titel`, `discription`, `image`, `link`, `creat_at`) VALUES
(20, 'Why do we use it?', 'There are many variations of passages of Lorem Ipsum available', 'public/qbmcl9EAWbdgfUzoAojGx7IeDmsCQnDTbITqNzjY.jpg', 'http://apitsoft.com/', '2021-01-08 21:41:59'),
(22, 'Why do we use it?', 'There are many variations of passages of Lorem Ipsum available', 'public/DOl0Eo5jNOQFw8dDjyPGG77eM2Jwp6W1uvEQ7ERk.jpg', 'http://apitsoft.com/', '2021-01-08 21:43:20'),
(21, 'Why do we use it?', 'There are many variations of passages of Lorem Ipsum available', 'public/7wJPLb8Bp0vlBPEOzMyGsxgZcM31q3fjN8ckAFqH.jpg', 'http://apitsoft.com/', '2021-01-08 21:42:49');

-- --------------------------------------------------------

--
-- Table structure for table `slider_setings`
--

DROP TABLE IF EXISTS `slider_setings`;
CREATE TABLE IF NOT EXISTS `slider_setings` (
  `id` int(11) NOT NULL AUTO_INCREMENT,
  `settings` varchar(255) CHARACTER SET utf8 DEFAULT NULL,
  `value_1` varchar(10000) DEFAULT NULL,
  PRIMARY KEY (`id`)
) ENGINE=MyISAM AUTO_INCREMENT=108 DEFAULT CHARSET=latin1;

--
-- Dumping data for table `slider_setings`
--

INSERT INTO `slider_setings` (`id`, `settings`, `value_1`) VALUES
(0, 'slider_feature_1_title', 'Proin et nibh ut massa lacinia'),
(1, 'slider_feature_1_discription', 'Duis tincidunt leo sed dolor lacinia posuere. Nulla eu aliquam enim. Proin et nibh ut massa lacinia lacinia. Duis sit amet dictum nisl, vitae porttitor nunc. Vestibulum ante ipsum.'),
(2, 'slider_feature_1_link', 'http://apitsoft.com/'),
(3, 'slider_feature_1_button_name', 'Visite'),
(11, 'slider_feature_schedul_1_name', 'Monday  Thursday'),
(10, 'slider_feature_schedul_title', 'Opening Office'),
(4, 'slider_feature_1_button_link', 'http://apitsoft.com/'),
(5, 'slider_feature_2_title', '24 HOURS SERVICE'),
(6, 'slider_feature_2_discription', 'Duis tincidunt leo sed dolor lacinia posuere. Nulla eu aliquam enim. Proin et nibh ut massa lacinia lacinia. Duis sit amet dictum nisl, vitae porttitor nunc. Vestibulum ante ipsum.'),
(7, 'slider_feature_2_link', 'http://apitsoft.com/'),
(8, 'slider_feature_2_button_name', 'Apply'),
(9, 'slider_feature_2_button_link', 'http://apitsoft.com/'),
(12, 'slider_feature_schedul_1_time', '8.00  17.00'),
(13, 'slider_feature_schedul_2_name', 'Friday'),
(14, 'slider_feature_schedul_2_time', '9.30  17.30'),
(15, 'slider_feature_schedul_3_name', 'Saturday - Sunday'),
(16, 'slider_feature_schedul_3_time', 'Closing'),
(28, 'logo_footer_about', 'It is a long established fact that a reader will be distracted by the readable content of a page when looking at its layout. The point of using Lorem Ipsum is that it has a more-or-less normal distribution of letters, as opposed to using \'Content here, content here\', making it look like readable English. Many desktop publishing packages and web page editors now use Lorem Ipsum as their default model text.'),
(17, 'Header_address', '446 S 15th St, Terre Haute, IN, 47807'),
(18, 'header_mobile', '13216'),
(19, 'header_email', 'support@example.com'),
(20, 'header_facebook_link', 'https://www.facebook.com/'),
(21, 'header_twitter_link', 'https://twitter.com/'),
(22, 'header_linkdin_link', 'https://www.linkedin.com/'),
(23, 'header_youtube_link', 'https://www.google.com/'),
(24, 'Enable_Recommended_video', 'true'),
(25, 'video_link', 'https://www.youtube.com/watch?v=bwx2Z69S0YA'),
(26, 'video_discription', '<h2 style=\"margin: 0px 0px 10px; padding: 0px; font-weight: 400; font-family: DauphinPlain; font-size: 24px; line-height: 24px;\">What is Lorem Ipsum?</h2>\r\n<p style=\"margin: 0px 0px 15px; padding: 0px; text-align: justify; font-family: \'Open Sans\', Arial, sans-serif;\"><strong style=\"margin: 0px; padding: 0px;\">Lorem Ipsum</strong>&nbsp;is simply dummy text of the printing and typesetting industry. Lorem Ipsum has been the industry\'s standard dummy text ever since the 1500s, when an unknown printer took a galley of type and scrambled it to make a type specimen book. It has survived not only five centuries, but also the leap into electronic typesetting, remaining essentially unchanged. It was popularised in the 1960s with the release of Letraset sheets containing Lorem Ipsum passages, and more recently with desktop publishing software like Aldus PageMaker including versions of Lorem Ipsum.</p>\r\n<p style=\"margin: 0px 0px 15px; padding: 0px; text-align: justify; font-family: \'Open Sans\', Arial, sans-serif;\">&nbsp;</p>'),
(27, 'video_title', 'WATCH OUR HOSPITAL VIDEO'),
(29, 'logo', 'public/q5UcJ9F6gSi1hPaBMS9THvmSWE3hd5NmxNzQrswx.jpg'),
(35, 'team_section_enable_disable', 'false'),
(30, 'Body_section_title', 'We Have Medicare Plan Options for You!'),
(31, 'Body_section_Discription', '<h2 style=\"margin: 0px 0px 10px; padding: 0px; font-weight: 400; font-family: DauphinPlain; font-size: 24px; line-height: 24px;\"><strong>Where can I get some?</strong></h2>\r\n<p style=\"text-align: justify;\">Phasellus pretium orci sit amet mi ullamcorper egestas. Sed non mattis metus. Integer vel lorem tincidunt, pharetra eros nec, posuere odio. Nullam eget bibendum sem, venenatis lacinia justo. Duis aliquet lobortis neque, eget volutpat nulla iaculis&nbsp;</p>\r\n<p style=\"text-align: justify;\">Phasellus pretium orci sit amet mi ullamcorper egestas. Sed non mattis metus. Integer vel lorem tincidunt, pharetra eros nec, posuere odio. Nullam eget bibendum sem, venenatis lacinia justo. Duis aliquet lobortis neque, eget volutpat nulla iaculis&nbsp;</p>\r\n<h3 style=\"margin: 15px 0px; padding: 0px; font-size: 14px; font-family: \'Open Sans\', Arial, sans-serif;\">&nbsp; &nbsp; &nbsp; &nbsp;1.&nbsp; 1994 translation by H. Rackham</h3>\r\n<h3 style=\"margin: 15px 0px; padding: 0px; font-size: 14px; font-family: \'Open Sans\', Arial, sans-serif;\">&nbsp; &nbsp; &nbsp; &nbsp;2.&nbsp; 1994 translation by H. Rackham</h3>\r\n<h3 style=\"margin: 15px 0px; padding: 0px; font-size: 14px; font-family: \'Open Sans\', Arial, sans-serif;\">&nbsp; &nbsp; &nbsp; &nbsp;3.&nbsp; 1994 translation by H. Rackham</h3>'),
(32, 'Body_section_image', 'public/0jwAaPLMZUMKFaUNjFhLpH13Zvgc75GpQymShUbA.jpg'),
(33, 'Body_section_enable', 'true'),
(34, 'header_section_enable_disabled', 'true'),
(36, 'team_section_title', 'Our Officer'),
(37, 'team_section_description', '<p style=\"text-align: justify;\"><span style=\"font-family: \'Open Sans\', Arial, sans-serif;\">It is a long established fact that a reader will be distracted by the readable content of a page when looking at its layout. The point of using Lorem Ipsum is that it has a more-or-less normal distribution of letters, as opposed to using \'Content here, content here\', making it look like readable English. Many desktop publishing packages and web page editors now use Lorem Ipsum as their default model text, and a search</span></p>'),
(38, 'team_section_member_1_enable', 'true'),
(39, 'team_section_member_1_title', 'Tasherul islam'),
(40, 'team_section_member_1_deg', 'CEO'),
(41, 'team_section_member_1_image', 'public/YUi8HYM1yQ6COAb7crRm8XIG15BJOWPbuCVHr1Dc.png'),
(42, 'team_section_member_2_enable', 'true'),
(50, 'slider_fetcher_active', 'true'),
(43, 'team_section_member_2_title', 'Ador Bisshas'),
(44, 'team_section_member_2_deg', 'Co-Founder'),
(45, 'team_section_member_2_image', 'public/gzzYFRnBq8kbj2BCtaR0zlzxLcAORxm2Dxw9a5JP.jpg'),
(46, 'team_section_member_3_enable', 'true'),
(47, 'team_section_member_3_title', 'Subasis Prodhan'),
(48, 'team_section_member_3_deg', 'Accountant'),
(49, 'team_section_member_3_image', 'public/oQk0m9ulAlwJCk3ktSsAJ37diA2QEE9Kip22mKP1.jpg'),
(51, 'about_details_1_enable', 'true'),
(52, 'about_details_1_title', 'Section 1.10.32 of de Finibus Bonorum et Malorum'),
(53, 'about_details_1_description', '<h2 style=\"margin: 15px 0px; padding: 0px; font-size: 14px; font-family: \'Open Sans\', Arial, sans-serif;\">Section 1.10.33 of \"de Finibus Bonorum et Malorum\", written by Cicero in 45 BC</h2>\r\n<p style=\"text-align: justify;\"><span style=\"font-family: \'Open Sans\', Arial, sans-serif; text-align: justify;\">Sed ut perspiciatis unde omnis iste natus error sit voluptatem accusantium doloremque laudantium, totam rem aperiam, eaque ipsa quae ab illo inventore veritatis et quasi architecto beatae vitae dicta sunt explicabo. Nemo enim ipsam voluptatem quia voluptas sit aspernatur aut odit aut fugit, sed quia consequuntur magni dolores eos qui ratione voluptatem sequi nesciunt. Neque porro quisquam est, qui dolorem ipsum quia dolor sit amet, consectetur, adipisci velit, sed quia non numquam eius modi tempora incidunt ut labore et dolore magnam aliquam quaerat voluptatem. Ut enim ad minima veniam, quis nostrum exercitationem ullam corporis suscipit laboriosam, nisi ut aliquid ex ea commodi consequatur? Quis autem vel eum iure reprehenderit qui in ea voluptate velit esse quam nihil molestiae consequatur, vel illum qui dolorem eum fugiat quo voluptas nulla pariatur.</span></p>'),
(54, 'about_details_1_image', 'public/3W3Qaf0kWbZovwv6eqH6xiC9IbgyQCD4ckLznjvx.jpg'),
(55, 'about_details_2_enable', 'true'),
(56, 'about_details_2_title', 'The standard Lorem Ipsum passage, used since the 1500s'),
(57, 'about_details_2_description', '<p style=\"text-align: justify;\"><span style=\"font-family: \'Open Sans\', Arial, sans-serif; text-align: justify;\">1. Sed ut perspiciatis unde omnis iste natus error sit voluptatem accusantium doloremque laudantium, totam rem aperiam, eaque ipsa quae ab illo inventore veritatis et quasi architecto beatae vitae dicta sunt explicabo. Nemo enim ipsam voluptatem quia voluptas sit aspernatur aut odit aut fugit, sed quia consequuntur magni dolores eos qui ratione voluptatem sequi nesciunt. Neque porro quisquam est.</span></p>\r\n<p style=\"text-align: justify;\"><span style=\"font-family: \'Open Sans\', Arial, sans-serif; text-align: justify;\">2. qui dolorem ipsum quia dolor sit amet, consectetur, adipisci velit, sed quia non numquam eius modi tempora incidunt ut labore et dolore magnam aliquam quaerat voluptatem. Ut enim ad minima veniam, quis nostrum exercitationem ullam corporis suscipit laboriosam, nisi ut aliquid ex ea commodi consequatur? Quis autem vel eum iure reprehenderit qui in ea voluptate velit esse quam nihil molestiae consequatur, vel illum qui dolorem eum fugiat quo voluptas nulla pariatur?</span></p>'),
(58, 'about_details_2_image', 'public/bxhdtPhx23sEf9JDRGSWN4z8NwnyQflurdGp1jKf.jpg'),
(59, 'about_member_enable', 'true'),
(60, 'about_member_title', 'Our Member'),
(61, 'about_member_1_enable', 'true'),
(62, 'about_member_1_title', 'Ador'),
(63, 'about_member_1_deg', 'Designer'),
(64, 'about_member_1_image', 'public/RlnZZNnUIRTApQc3qZkgCJP1uZeHveEna65f5hr8.jpg'),
(65, 'about_member_2_enable', 'true'),
(66, 'about_member_2_title', 'Subasis'),
(67, 'about_member_2_deg', 'Developer'),
(68, 'about_member_2_image', 'public/9lDKlZv6SJxzA86nE7mAhaot9xLbtwcE3qCGrxc4.jpg'),
(69, 'about_member_3_enable', 'true'),
(70, 'about_member_3_title', 'Piash'),
(71, 'about_member_3_deg', 'full stack developer'),
(72, 'about_member_3_image', 'public/P0SxUckiGmvfmWft1RUdS7HhxCZweTMsGFBLxk6G.jpg'),
(73, 'about_member_4_enable', 'true'),
(74, 'about_member_4_title', 'Misty Mollik'),
(75, 'about_member_4_deg', 'Food & Nutrition'),
(76, 'about_member_4_image', 'public/fuSECqUF1MvHxgZhdG75ruoV5qvQFlPxpdwLtCXS.jpg'),
(77, 'recommended_video_thumbnail', 'public/44cIaIBefYYUaBHv3psTGCK46IucTmveNuL960sj.jpg'),
(78, 'contact_us_details', 'Duis tincidunt leo sed dolor lacinia posuere. Nulla eu aliquam enim. Proin et nibh ut massa lacinia lacinia. Duis sit amet dictum nisl, vitae porttitor nunc. Vestibulum ante ipsum.'),
(79, 'contact_us_location', 'khilna'),
(80, 'contact_us_mobile_1', '019206062060'),
(81, 'contact_us_mobile_2', '0184606065065'),
(82, 'contact_us_email', 'admin@admin.com'),
(83, 'contact_us_website', 'apitsoft.com'),
(84, 'contact_us_latitude', '22.84425'),
(85, 'contact_us_longitude', '89.5363391'),
(86, 'About Us background image', 'public/JxFzpgx2vLwBX27lrAGh6umxHZTYFOkmbg45yF4Z.jpg'),
(87, 'Activities background image', 'public/ncfrP88PalUqFis4lfCnhgjpj107vXxezPD9TJ6s.jpg'),
(88, 'Activities Details background image', 'public/iPKyRqyQHC7xfKLrqcgTeI10CB8weg0PU5vPtE93.jpg'),
(89, 'News background image', 'public/ukP2NkhrFsR9Ubr1fYHl6gY6U3kn0FQN4VQX8LV5.jpg'),
(90, 'News Details background image', 'public/sddQ4MQVqemJIjOsTnXWBjH74iDoQx3xflwSNjmw.jpg'),
(91, 'Fav Icon', 'public/65EyU5keDT15C8QIPBRGzOyJVMIb5GWVERY7vNxH.jpg'),
(92, 'companyname', 'Imadic'),
(93, 'Terms_Condition_title', 'Terms & Condition'),
(94, 'Terms_Condition_Discription', '<h2 class=\"font-weight-bold pb-3\" style=\"box-sizing: border-box; margin-top: 0px; margin-bottom: 0.5rem; line-height: 1.2; font-size: 2rem; color: #212529; font-family: \'Helvetica Neue\', Helvetica, Arial, sans-serif; padding-bottom: 1rem !important;\">Terms &amp; Conditions for Websites</h2>\r\n<p style=\"box-sizing: border-box; margin-top: 0px; margin-bottom: 1rem; color: #212529; font-family: \'Helvetica Neue\', Helvetica, Arial, sans-serif; font-size: 16px;\">Because a Terms and Conditions agreement is the agreement where you inform the users of your website about the rules, terms and guidelines that they need to follow in order to use and access your website,&nbsp;<span style=\"box-sizing: border-box; font-weight: bolder;\">a Terms and Conditions agreement has become extremely important.</span></p>\r\n<p style=\"box-sizing: border-box; margin-top: 0px; margin-bottom: 1rem; color: #212529; font-family: \'Helvetica Neue\', Helvetica, Arial, sans-serif; font-size: 16px;\">While it\'s not required by any laws currently (but third-parties such as Facebook may require it), through a Terms and Conditions you can maintain your rights to exclude certain users that may abuse your website or do not follow the rules you set.</p>\r\n<p style=\"box-sizing: border-box; margin-top: 0px; margin-bottom: 1rem; color: #212529; font-family: \'Helvetica Neue\', Helvetica, Arial, sans-serif; font-size: 16px;\"><span style=\"box-sizing: border-box; font-weight: bolder;\">If you don\'t have this agreement for your website yet, use the Generator to create it!</span></p>\r\n<p style=\"box-sizing: border-box; margin-top: 0px; margin-bottom: 25px; width: 777px; color: #212529; font-family: \'Helvetica Neue\', Helvetica, Arial, sans-serif; font-size: 18px;\"><a style=\"box-sizing: border-box; color: #0051aa; text-decoration-line: none; background-color: transparent; outline: none;\" href=\"https://www.termsfeed.com/blog/sample-terms-and-conditions-template/#Download_Terms_And_Conditions_Template\">Our Terms and Conditions template</a>&nbsp;will get you started with creating your own custom Terms and Conditions agreement.</p>\r\n<p style=\"box-sizing: border-box; margin-top: 0px; margin-bottom: 25px; width: 777px; color: #212529; font-family: \'Helvetica Neue\', Helvetica, Arial, sans-serif; font-size: 18px;\">This Terms and Conditions template is free to download and use for your website or mobile app.</p>\r\n<p style=\"box-sizing: border-box; margin-top: 0px; margin-bottom: 25px; width: 777px; color: #212529; font-family: \'Helvetica Neue\', Helvetica, Arial, sans-serif; font-size: 18px;\">A&nbsp;<span style=\"box-sizing: border-box; font-weight: bolder;\">Terms and Conditions agreement</span>&nbsp;is the agreement that includes the terms, the rules and the guidelines of acceptable behavior and other useful sections to which users must agree in order to use or access your website and mobile app.</p>\r\n<div id=\"toc_container\" style=\"box-sizing: border-box; color: #212529; font-family: \'Helvetica Neue\', Helvetica, Arial, sans-serif; font-size: 18px;\">\r\n<div id=\"toc\" style=\"box-sizing: border-box; width: 777px; color: #555555; border: 1px solid rgba(0, 0, 0, 0.125); box-shadow: rgba(0, 0, 0, 0.1) 0px 3px 6px 0px; border-radius: 3px; padding: 20px 30px 10px; margin-top: 30px; margin-bottom: 5px;\">\r\n<div class=\"toc_list_container\" style=\"box-sizing: border-box;\">\r\n<ul class=\"toc_list\" style=\"box-sizing: border-box; margin: 0px; padding: 0px 0px 10px; list-style: none;\">\r\n<li style=\"box-sizing: border-box; margin-bottom: 7px; position: relative; display: block; margin-top: 7px;\"><a class=\"space_h2\" style=\"box-sizing: border-box; color: #555555; text-decoration-line: none; background-color: transparent; outline: none; display: flex; font-weight: bold; padding-left: 0px;\" href=\"https://www.termsfeed.com/blog/sample-terms-and-conditions-template/#What_Are_Terms_And_Conditions\"><span class=\"toc_text_position\" style=\"box-sizing: border-box;\">1.</span><span class=\"toc_text_title\" style=\"box-sizing: border-box; margin-left: 5px;\">What are Terms and Conditions</span></a></li>\r\n<li style=\"box-sizing: border-box; margin-bottom: 7px; position: relative; display: block; margin-top: 7px;\"><a class=\"space_h3\" style=\"box-sizing: border-box; color: #555555; text-decoration-line: none; background-color: transparent; outline: none; display: flex; padding-left: 25px;\" href=\"https://www.termsfeed.com/blog/sample-terms-and-conditions-template/#What_To_Include_In_A_Terms_And_Conditions\"><span class=\"toc_text_position\" style=\"box-sizing: border-box;\">1.1.</span><span class=\"toc_text_title\" style=\"box-sizing: border-box; margin-left: 5px;\">What to include in a Terms and Conditions</span></a></li>\r\n<li style=\"box-sizing: border-box; margin-bottom: 7px; position: relative; display: block; margin-top: 7px;\"><a class=\"space_h2\" style=\"box-sizing: border-box; color: #555555; text-decoration-line: none; background-color: transparent; outline: none; display: flex; font-weight: bold; padding-left: 0px;\" href=\"https://www.termsfeed.com/blog/sample-terms-and-conditions-template/#Faq_Terms_And_Conditions\"><span class=\"toc_text_position\" style=\"box-sizing: border-box;\">2.</span><span class=\"toc_text_title\" style=\"box-sizing: border-box; margin-left: 5px;\">FAQ: Terms and Conditions</span></a></li>\r\n<li style=\"box-sizing: border-box; margin-bottom: 7px; position: relative; display: block; margin-top: 7px;\"><a class=\"space_h3\" style=\"box-sizing: border-box; color: #555555; text-decoration-line: none; background-color: transparent; outline: none; display: flex; padding-left: 25px;\" href=\"https://www.termsfeed.com/blog/sample-terms-and-conditions-template/#Is_A_Terms_And_Conditions_Required\"><span class=\"toc_text_position\" style=\"box-sizing: border-box;\">2.1.</span><span class=\"toc_text_title\" style=\"box-sizing: border-box; margin-left: 5px;\">Is a Terms and Conditions required?</span></a></li>\r\n<li style=\"box-sizing: border-box; margin-bottom: 7px; position: relative; display: block; margin-top: 7px;\"><a class=\"space_h3\" style=\"box-sizing: border-box; color: #555555; text-decoration-line: none; background-color: transparent; outline: none; display: flex; padding-left: 25px;\" href=\"https://www.termsfeed.com/blog/sample-terms-and-conditions-template/#How_To_Enforce_Terms_And_Conditions\"><span class=\"toc_text_position\" style=\"box-sizing: border-box;\">2.2.</span><span class=\"toc_text_title\" style=\"box-sizing: border-box; margin-left: 5px;\">How to enforce Terms and Conditions</span></a></li>\r\n<li style=\"box-sizing: border-box; margin-bottom: 7px; position: relative; display: block; margin-top: 7px;\"><a class=\"space_h2\" style=\"box-sizing: border-box; color: #555555; text-decoration-line: none; background-color: transparent; outline: none; display: flex; font-weight: bold; padding-left: 0px;\" href=\"https://www.termsfeed.com/blog/sample-terms-and-conditions-template/#Examples_Of_Terms_And_Conditions\"><span class=\"toc_text_position\" style=\"box-sizing: border-box;\">3.</span><span class=\"toc_text_title\" style=\"box-sizing: border-box; margin-left: 5px;\">Examples of Terms and Conditions</span></a></li>\r\n<li style=\"box-sizing: border-box; margin-bottom: 7px; position: relative; display: block; margin-top: 7px;\"><a class=\"space_h2\" style=\"box-sizing: border-box; color: #555555; text-decoration-line: none; background-color: transparent; outline: none; display: flex; font-weight: bold; padding-left: 0px;\" href=\"https://www.termsfeed.com/blog/sample-terms-and-conditions-template/#Download_Terms_And_Conditions_Template\"><span class=\"toc_text_position\" style=\"box-sizing: border-box;\">4.</span><span class=\"toc_text_title\" style=\"box-sizing: border-box; margin-left: 5px;\">Download Terms and Conditions Template</span></a></li>\r\n</ul>\r\n</div>\r\n</div>\r\n</div>\r\n<p style=\"box-sizing: border-box; margin-top: 0px; margin-bottom: 1rem; color: #212529; font-family: \'Helvetica Neue\', Helvetica, Arial, sans-serif; font-size: 16px;\"><span style=\"box-sizing: border-box; font-weight: bolder;\">&nbsp;</span></p>\r\n<h2 id=\"What_Are_Terms_And_Conditions\" style=\"box-sizing: border-box; margin-top: 35px; margin-bottom: 30px; line-height: 1.2; font-size: 2rem; color: #212529; font-family: \'Helvetica Neue\', Helvetica, Arial, sans-serif;\">What are Terms and Conditions</h2>\r\n<p style=\"box-sizing: border-box; margin-top: 25px; margin-bottom: 25px; width: 777px; color: #212529; font-family: \'Helvetica Neue\', Helvetica, Arial, sans-serif; font-size: 18px;\">Terms and Conditions agreements act as a legal contract between you (the company) who has the website or mobile app and the user who access your website and mobile app.</p>\r\n<p style=\"box-sizing: border-box; margin-top: 25px; margin-bottom: 25px; width: 777px; color: #212529; font-family: \'Helvetica Neue\', Helvetica, Arial, sans-serif; font-size: 18px;\">Terms and Conditions are also known as Terms of Service or Terms of Use.</p>'),
(95, 'Privacy_Policy_title', 'Privacy Policy'),
(96, 'Privacy_Policy_discription', '<h1 class=\"f5Dvbb\" style=\"-webkit-tap-highlight-color: transparent; color: #3c4043; display: inline-block; font-family: Roboto, arial, sans-serif; font-size: 12px; font-weight: 500; letter-spacing: 0.8px; line-height: 20px; margin: 1.236em 0px 0.618em; text-transform: uppercase;\">GOOGLE PRIVACY POLICY</h1>\r\n<p class=\"vxK8q\" style=\"-webkit-tap-highlight-color: transparent; line-height: 32px; padding-top: 24px; margin: 0px 0px 10px; color: #3c4043; font-family: \'Google Sans\', sans-serif; font-size: 24px;\">When you use our services, you&rsquo;re trusting us with your information. We understand this is a big responsibility and work hard to protect your information and put you in control.</p>\r\n<p style=\"-webkit-tap-highlight-color: transparent; letter-spacing: 0.2px; line-height: 24px; padding-top: 20px; margin: 10px 0px; color: rgba(0, 0, 0, 0.87); font-family: Roboto, arial, sans-serif;\">This Privacy Policy is meant to help you understand what information we collect, why we collect it, and how you can update, manage, export, and delete your information.&nbsp;<span style=\"color: #3c4043; font-family: \'Google Sans\', sans-serif; letter-spacing: 0.2px;\">Privacy Checkup</span></p>\r\n<div class=\" xXnO1d\" style=\"-webkit-tap-highlight-color: transparent; border-bottom: 1px solid rgba(151, 151, 151, 0.5); color: rgba(0, 0, 0, 0.87); font-family: Roboto, arial, sans-serif;\">\r\n<div class=\"nrAB0c\" style=\"-webkit-tap-highlight-color: transparent; justify-content: center; padding: 72px 352px 72px 48px; margin: 0px auto; width: 760px;\">\r\n<div id=\"intro\" class=\"ahbJ5\" style=\"-webkit-tap-highlight-color: transparent; position: relative; visibility: hidden; top: -134px;\">&nbsp;</div>\r\n<div class=\"pTrV6d\" style=\"-webkit-tap-highlight-color: transparent;\">\r\n<div class=\"M3GAob\" style=\"-webkit-tap-highlight-color: transparent; margin-bottom: 24px; border: 1px solid rgba(151, 151, 151, 0.2);\">\r\n<div class=\"O3bgpc\" style=\"-webkit-tap-highlight-color: transparent; height: 0px; overflow: hidden; padding-bottom: 424.469px; position: relative; width: 758px;\"><iframe id=\"widget2\" class=\"Ylcf5b\" style=\"-webkit-tap-highlight-color: transparent; border-width: initial; border-style: none; position: absolute; width: 758px; height: 424.469px; left: 0px; top: 0px;\" src=\"https://www.youtube.com/embed/ggoJFaE71W8?rel=0&amp;showinfo=0&amp;theme=light&amp;version=3&amp;hl=en&amp;cc_lang_pref=en&amp;cc_load_policy=1&amp;enablejsapi=1\" allowfullscreen=\"allowfullscreen\"></iframe></div>\r\n</div>\r\n</div>\r\n<p style=\"-webkit-tap-highlight-color: transparent; letter-spacing: 0.2px; line-height: 24px; padding-top: 20px; margin: 10px 0px;\">We build a range of services that help millions of people daily to explore and interact with the world in new ways. Our services include:</p>\r\n<ul style=\"-webkit-tap-highlight-color: transparent; margin: 0px 0px 0px 16px; padding: 0px;\">\r\n<li style=\"-webkit-tap-highlight-color: transparent; letter-spacing: 0.2px; line-height: 24px; padding-left: 16px; padding-top: 20px;\">Google apps, sites, and devices, like Search, YouTube, and Google Home</li>\r\n<li style=\"-webkit-tap-highlight-color: transparent; letter-spacing: 0.2px; line-height: 24px; padding-left: 16px; padding-top: 20px;\">Platforms like the Chrome browser and Android operating system</li>\r\n<li style=\"-webkit-tap-highlight-color: transparent; letter-spacing: 0.2px; line-height: 24px; padding-left: 16px; padding-top: 20px;\">Products that are integrated into third-party apps and sites, like ads and embedded Google Maps</li>\r\n</ul>\r\n<p style=\"-webkit-tap-highlight-color: transparent; letter-spacing: 0.2px; line-height: 24px; padding-top: 20px; margin: 10px 0px;\">You can use our services in a variety of ways to manage your privacy. For example, you can sign up for a Google Account if you want to create and manage content like emails and photos, or see more relevant search results. And you can use many Google services when you&rsquo;re signed out or without creating an account at all, like searching on Google or watching YouTube videos. You can also choose to browse the web privately using Chrome in Incognito mode. And across our services, you can adjust your privacy settings to control what we collect and how your information is used.</p>\r\n<p style=\"-webkit-tap-highlight-color: transparent; letter-spacing: 0.2px; line-height: 24px; padding-top: 20px; margin: 10px 0px;\">To help explain things as clearly as possible, we&rsquo;ve added examples, explanatory videos, and definitions for&nbsp;<a style=\"-webkit-tap-highlight-color: transparent; text-decoration-line: none; color: #3367d6;\" href=\"https://policies.google.com/privacy/key-terms?hl=en-US#key-terms\">key terms</a>. And if you have any questions about this Privacy Policy, you can&nbsp;<a class=\"N6CPUe\" style=\"-webkit-tap-highlight-color: transparent; text-decoration-line: none; color: #3367d6; background: right center / 12px no-repeat; padding-right: 14px;\" href=\"https://support.google.com/policies?p=privpol_privts&amp;hl=en_US\" target=\"_blank\" rel=\"noopener\">contact us</a>.</p>\r\n</div>\r\n</div>');
COMMIT;

/*!40101 SET CHARACTER_SET_CLIENT=@OLD_CHARACTER_SET_CLIENT */;
/*!40101 SET CHARACTER_SET_RESULTS=@OLD_CHARACTER_SET_RESULTS */;
/*!40101 SET COLLATION_CONNECTION=@OLD_COLLATION_CONNECTION */;
